allele,seq_num,start,end,core_peptide,peptide,ic50,rank
HLA-DRB1*07:01,173,5,13,FVIATSTKI,THQKFVIATSTKIDI,5.38,0.01
HLA-DRB1*07:01,225,7,15,YFYTAVSRP,SMRYFYTAVSRPGRG,17.82,0.52
HLA-DRB1*07:01,225,7,15,YFYTAVSRP,HSMRYFYTAVSRPGR,18.46,0.55
HLA-DRB1*07:01,113,4,12,ILATAANLL,GASILATAANLLRHY,18.71,0.59
HLA-DRB1*07:01,25,7,15,IFLTKSTKL,PPSFASIFLTKSTKL,18.78,0.6
HLA-DRB1*07:01,71,4,12,FFTSVSRPG,MRYFFTSVSRPGRGE,20.92,0.8
HLA-DRB1*07:01,225,8,16,FYTAVSRPG,MRYFYTAVSRPGRGE,21.00,0.8
HLA-DRB1*07:01,65,6,14,YKFQNALLV,LGEYKFQNALLVRYT,22.93,1.01
HLA-DRB1*07:01,65,6,14,YKFQNALLV,QLGEYKFQNALLVRY,23.23,1.07
HLA-DRB1*07:01,225,7,15,YFYTAVSRP,SHSMRYFYTAVSRPG,26.71,1.32
HLA-DRB1*07:01,113,4,12,ILATAANLL,ASILATAANLLRHYP,26.95,1.34
HLA-DRB1*07:01,23,5,13,FHISPTGMI,STPKFHISPTGMIME,28.66,1.47
HLA-DRB1*07:01,65,6,14,YKFQNALLV,GEYKFQNALLVRYTK,29.96,1.53
HLA-DRB1*07:01,206,6,14,LLHVGTSKL,QIRRLLHVGTSKLDE,30.83,1.56
HLA-DRB1*07:01,163,5,13,YKVTSTLTI,PTTYKVTSTLTIKES,30.86,1.57
HLA-DRB1*07:01,71,4,12,FFTSVSRPG,RYFFTSVSRPGRGEP,31.51,1.67
HLA-DRB1*07:01,65,6,14,YKFQNALLV,EQLGEYKFQNALLVR,31.53,1.67
HLA-DRB1*07:01,163,5,13,YKVTSTLTI,GPTTYKVTSTLTIKE,31.56,1.67
HLA-DRB1*07:01,206,6,14,LLHVGTSKL,AQIRRLLHVGTSKLD,31.61,1.67
HLA-DRB1*07:01,225,7,15,YFYTAVSRP,RYFYTAVSRPGRGEP,32.53,1.75
HLA-DRB1*07:01,206,6,14,LLHVGTSKL,IRRLLHVGTSKLDEN,32.55,1.75
HLA-DRB1*07:01,357,5,13,MYHSRALQV,ASNDMYHSRALQVVR,32.63,1.76
HLA-DRB1*07:01,187,4,12,YRRSRSEIV,TEFYRRSRSEIVDQQ,32.87,1.77
HLA-DRB1*07:01,46,4,12,FVSSAPFQT,RNDFVSSAPFQTDDA,33.80,1.85
HLA-DRB1*07:01,63,6,14,YVKALPGQL,KDDYVKALPGQLKPF,35.14,1.94
HLA-DRB1*07:01,311,4,12,YVKALPGQL,KDDYVKALPGQLKPF,35.14,1.94
HLA-DRB1*07:01,363,6,14,FVMLHNLEH,KNLKFVMLHNLEHSM,37.79,2.16
HLA-DRB1*07:01,107,5,13,YVSARTMPE,VAAYVSARTMPEAKA,37.92,2.16
HLA-DRB1*07:01,68,4,12,FQATAGRHQ,RFAFQATAGRHQSAA,39.05,2.31
HLA-DRB1*07:01,65,6,14,YKFQNALLV,EYKFQNALLVRYTKK,39.91,2.41
HLA-DRB1*07:01,13,5,13,LIAAHGNSL,GKRVLIAAHGNSLRG,40.82,2.49
HLA-DRB1*07:01,107,5,13,YVSARTMPE,SVAAYVSARTMPEAK,40.94,2.5
HLA-DRB1*07:01,214,4,12,FSSTPTTTV,KAIFSSTPTTTVKDQ,43.05,2.71
HLA-DRB1*07:01,170,7,15,FVEASSVSA,PARFFVEASSVSADN,44.98,2.97
HLA-DRB1*07:01,225,7,15,YFYTAVSRP,GSHSMRYFYTAVSRP,45.11,2.99
HLA-DRB1*07:01,363,6,14,FVMLHNLEH,NLKFVMLHNLEHSMG,45.85,3.02
HLA-DRB1*07:01,363,6,14,FVMLHNLEH,EKNLKFVMLHNLEHS,47.37,3.13
HLA-DRB1*07:01,151,5,13,LYHSEAFTV,VKKLYHSEAFTVNFG,49.07,3.3200000000000003
HLA-DRB1*07:01,170,7,15,FVEASSVSA,WPARFFVEASSVSAD,49.35,3.36
HLA-DRB1*07:01,170,7,15,FVEASSVSA,ARFFVEASSVSADNG,50.03,3.44
HLA-DRB1*07:01,151,5,13,LYHSEAFTV,DVKKLYHSEAFTVNF,51.65,3.56
HLA-DRB1*07:01,170,7,15,FVEASSVSA,AWPARFFVEASSVSA,52.39,3.59
HLA-DRB1*07:01,59,10,18,FNGAPTANF,AVLRFNGAPTANFQQ,54.69,3.8200000000000003
HLA-DRB1*07:01,83,7,15,FNGAPTANF,AVLRFNGAPTANFQQ,54.69,3.8200000000000003
HLA-DRB1*07:01,321,10,18,FNGAPTANF,AVLRFNGAPTANFQQ,54.69,3.8200000000000003
HLA-DRB1*07:01,335,4,12,IVFARTSPQ,TEIVFARTSPQQKLI,55.13,3.86
HLA-DRB1*07:01,206,6,14,LLHVGTSKL,RRLLHVGTSKLDENE,55.80,3.92
HLA-DRB1*07:01,65,6,14,YKFQNALLV,YKFQNALLVRYTKKV,58.36,4.23
HLA-DRB1*07:01,63,6,14,YVKALPGQL,GKDDYVKALPGQLKP,58.55,4.2700000000000005
HLA-DRB1*07:01,301,6,14,FWINGTPLV,IAEFWINGTPLVKKG,59.99,4.36
HLA-DRB1*07:01,287,5,13,FEVIKGQTI,DAQFEVIKGQTIEVR,60.12,4.38
HLA-DRB1*07:01,301,6,14,FWINGTPLV,GIAEFWINGTPLVKK,60.79,4.44
HLA-DRB1*07:01,19,4,12,FFNVLTTNT,LKKFFNVLTTNTDGK,60.93,4.45
HLA-DRB1*07:01,335,4,12,IVFARTSPQ,HTEIVFARTSPQQKL,63.25,4.66
HLA-DRB1*07:01,287,5,13,FEVIKGQTI,YDAQFEVIKGQTIEV,63.71,4.7
HLA-DRB1*07:01,290,5,13,LSRYTSALS,RLSLSRYTSALSPST,63.82,4.71
HLA-DRB1*07:01,63,6,14,YVKALPGQL,AGKDDYVKALPGQLK,64.28,4.72
HLA-DRB1*07:01,255,10,18,IQKESTLHL,DYNIQKESTLHLVLR,66.29,4.97
HLA-DRB1*07:01,59,10,18,FNGAPTANF,DAVLRFNGAPTANFQ,66.90,5.0
HLA-DRB1*07:01,83,7,15,FNGAPTANF,DAVLRFNGAPTANFQ,66.90,5.0
HLA-DRB1*07:01,275,10,18,FNGAPTANF,DAVLRFNGAPTANFQ,66.90,5.0
HLA-DRB1*07:01,321,10,18,FNGAPTANF,DAVLRFNGAPTANFQ,66.90,5.0
HLA-DRB1*07:01,298,5,13,VTRVATSTL,VPYVTRVATSTLKKQ,67.62,5.05
HLA-DRB1*07:01,298,5,13,VTRVATSTL,LVPYVTRVATSTLKK,67.87,5.09
HLA-DRB1*07:01,181,4,12,VIQAQTAFS,VDKVIQAQTAFSANP,68.26,5.15
HLA-DRB1*07:01,59,10,18,FNGAPTANF,VLRFNGAPTANFQQD,68.34,5.15
HLA-DRB1*07:01,321,10,18,FNGAPTANF,VLRFNGAPTANFQQD,68.34,5.15
HLA-DRB1*07:01,344,3,11,MYLNLRASA,EKMYLNLRASANNLQ,70.17,5.4
HLA-DRB1*07:01,344,6,14,NLRASANNL,KMYLNLRASANNLQS,70.29,5.41
HLA-DRB1*07:01,71,3,11,YFFTSVSRP,YFFTSVSRPGRGEPR,70.80,5.45
HLA-DRB1*07:01,255,10,18,IQKESTLHL,SDYNIQKESTLHLVL,70.96,5.46
HLA-DRB1*07:01,109,7,15,IQRVNGSLA,GGSVMIQRVNGSLAV,71.18,5.5
HLA-DRB1*07:01,194,8,16,IAELSSART,VPAIAELSSARTVLY,71.89,5.61
HLA-DRB1*07:01,19,4,12,FFNVLTTNT,KKFFNVLTTNTDGKI,72.82,5.72
HLA-DRB1*07:01,24,5,13,FTKSHTMPG,EIIPFTKSHTMPGMS,76.33,6.0200000000000005
HLA-DRB1*07:01,46,4,12,FVSSAPFQT,NDFVSSAPFQTDDAV,76.41,6.03
HLA-DRB1*07:01,61,5,13,FTYCISFNK,TPKDFTYCISFNKDL,78.33,6.22
HLA-DRB1*07:01,51,6,14,WRFLRGYHQ,VGSDWRFLRGYHQYA,78.48,6.25
HLA-DRB1*07:01,233,5,13,INYTEGRAV,NGEKINYTEGRAVLH,78.66,6.2700000000000005
HLA-DRB1*07:01,6,6,14,FHGVTVRPS,GLSSLFHGVTVRPSM,79.55,6.3100000000000005
HLA-DRB1*07:01,68,4,12,FQATAGRHQ,FAFQATAGRHQSAAS,81.12,6.5
HLA-DRB1*07:01,181,5,13,IQAQTAFSA,DKVIQAQTAFSANPA,82.01,6.62
HLA-DRB1*07:01,59,10,18,FNGAPTANF,HDAVLRFNGAPTANF,82.24,6.63
HLA-DRB1*07:01,83,7,15,FNGAPTANF,HDAVLRFNGAPTANF,82.24,6.63
HLA-DRB1*07:01,275,10,18,FNGAPTANF,HDAVLRFNGAPTANF,82.24,6.63
HLA-DRB1*07:01,321,10,18,FNGAPTANF,HDAVLRFNGAPTANF,82.24,6.63
HLA-DRB1*07:01,291,6,14,FVRFDSNAA,TQFVRFDSNAASQRM,83.21,6.76
HLA-DRB1*07:01,299,4,12,FVRFDSNAA,TQFVRFDSNAASQRM,83.21,6.76
HLA-DRB1*07:01,225,7,15,YFYTAVSRP,YFYTAVSRPGRGEPR,84.84,6.95
HLA-DRB1*07:01,291,6,14,FVRFDSNAA,DTQFVRFDSNAASQR,84.87,6.95
HLA-DRB1*07:01,299,4,12,FVRFDSNAA,DTQFVRFDSNAASQR,84.87,6.95
HLA-DRB1*07:01,186,6,14,WGYAEAISL,LDKWGYAEAISLRDT,85.36,7.03
HLA-DRB1*07:01,301,6,14,FWINGTPLV,SGIAEFWINGTPLVK,86.43,7.15
HLA-DRB1*07:01,288,4,12,VAGIYTRKV,QQFVAGIYTRKVEID,86.46,7.16
HLA-DRB1*07:01,194,11,19,LSSARTVLY,AIAELSSARTVLYDK,87.33,7.25
HLA-DRB1*07:01,355,4,12,FKVETSNKV,SDEFKVETSNKVLDY,88.11,7.3500000000000005
HLA-DRB1*07:01,255,10,18,IQKESTLHL,LSDYNIQKESTLHLV,89.18,7.38
HLA-DRB1*07:01,194,11,19,LSSARTVLY,PAIAELSSARTVLYD,89.34,7.41
HLA-DRB1*07:01,336,5,13,FKITQPELQ,SHTFKITQPELQARV,90.05,7.48
HLA-DRB1*07:01,104,5,13,FWASAGVVK,DPQVFWASAGVVKTG,90.14,7.49
HLA-DRB1*07:01,141,5,13,MRQTVAVGV,VRDMRQTVAVGVIKA,91.02,7.59
HLA-DRB1*07:01,247,5,13,MRQTVAVGV,VRDMRQTVAVGVIKA,91.02,7.59
HLA-DRB1*07:01,20,7,15,IEFLFTKNV,TKLGIEFLFTKNVKD,91.19,7.62
HLA-DRB1*07:01,344,6,14,NLRASANNL,MYLNLRASANNLQSD,91.34,7.65
HLA-DRB1*07:01,214,4,12,FSSTPTTTV,AIFSSTPTTTVKDQV,93.78,7.8
HLA-DRB1*07:01,67,3,11,FHRAASSAA,RTFHRAASSAAQGAF,95.96,8.0
HLA-DRB1*07:01,336,5,13,FKITQPELQ,ISHTFKITQPELQAR,97.10,8.16
HLA-DRB1*07:01,343,7,15,LYLQMNSLR,NAKNSLYLQMNSLRA,97.61,8.2
HLA-DRB1*07:01,194,11,19,LSSARTVLY,IAELSSARTVLYDKF,99.04,8.35
HLA-DRB1*07:01,183,5,13,LYLQMNSLR,AKNSLYLQMNSLRAE,99.38,8.36
HLA-DRB1*07:01,343,7,15,LYLQMNSLR,AKNSLYLQMNSLRAE,99.38,8.36
HLA-DRB1*07:01,183,5,13,LYLQMNSLR,KNSLYLQMNSLRAEN,99.67,8.39
HLA-DRB1*07:01,343,7,15,LYLQMNSLR,KNSLYLQMNSLRAEN,99.67,8.39
HLA-DRB1*07:01,290,5,13,LSRYTSALS,GRLSLSRYTSALSPS,99.71,8.39
HLA-DRB1*07:01,174,6,14,FQIVTTIDH,ASIKTFQIVTTIDHK,100.93,8.49
HLA-DRB1*07:01,133,7,15,VYLQMNSLR,NSKNTVYLQMNSLRA,101.80,8.57
HLA-DRB1*07:01,341,7,15,LYLQMNSLR,NSKNTLYLQMNSLRA,102.31,8.61
HLA-DRB1*07:01,133,7,15,VYLQMNSLR,SKNTVYLQMNSLRAE,102.51,8.620000000000001
HLA-DRB1*07:01,181,5,13,IQAQTAFSA,KVIQAQTAFSANPAN,102.61,8.64
HLA-DRB1*07:01,341,7,15,LYLQMNSLR,SKNTLYLQMNSLRAE,104.44,8.790000000000001
HLA-DRB1*07:01,141,5,13,MRQTVAVGV,AVRDMRQTVAVGVIK,106.03,8.93
HLA-DRB1*07:01,247,5,13,MRQTVAVGV,AVRDMRQTVAVGVIK,106.03,8.93
HLA-DRB1*07:01,291,6,14,FVRFDSNAA,QFVRFDSNAASQRME,109.16,9.24
HLA-DRB1*07:01,299,4,12,FVRFDSNAA,QFVRFDSNAASQRME,109.16,9.24
HLA-DRB1*07:01,298,5,13,VTRVATSTL,PYVTRVATSTLKKQP,111.75,9.370000000000001
HLA-DRB1*07:01,206,6,14,LLHVGTSKL,RLLHVGTSKLDENET,114.62,9.700000000000001
HLA-DRB1*07:01,358,5,13,MLSVSAQAR,DNVHMLSVSAQARYR,115.39,9.8
HLA-DRB1*07:01,289,8,16,LRPSTSRSL,YSLGSALRPSTSRSL,115.88,9.81
HLA-DRB1*07:01,259,5,13,FIINRPPAP,SRSFIINRPPAPTPR,116.74,9.92
HLA-DRB1*07:01,169,5,13,FFWNVAPGA,SRSFFWNVAPGAESA,117.71,10.040000000000001
HLA-DRB1*07:01,43,5,13,FTLTISRLE,SGTDFTLTISRLEPE,119.20,10.18
HLA-DRB1*07:01,186,6,14,WGYAEAISL,DLDKWGYAEAISLRD,120.40,10.38
HLA-DRB1*07:01,133,7,15,VYLQMNSLR,KNTVYLQMNSLRAED,122.87,10.620000000000001
HLA-DRB1*07:01,198,4,12,WLRIQAQSA,TTEWLRIQAQSAAAN,123.99,10.75
HLA-DRB1*07:01,215,5,13,IVMVTNLKE,NTATIVMVTNLKERK,124.62,10.8
HLA-DRB1*07:01,341,7,15,LYLQMNSLR,KNTLYLQMNSLRAED,126.62,11.01
HLA-DRB1*07:01,109,7,15,IQRVNGSLA,AGGSVMIQRVNGSLA,126.79,11.02
HLA-DRB1*07:01,291,6,14,FVRFDSNAA,DDTQFVRFDSNAASQ,127.81,11.08
HLA-DRB1*07:01,333,5,13,FVRFDSNAA,DDTQFVRFDSNAASQ,127.81,11.08
HLA-DRB1*07:01,193,8,16,LYRPVAVAL,DPILYRPVAVALDTK,129.31,11.22
HLA-DRB1*07:01,51,6,14,WRFLRGYHQ,DVGSDWRFLRGYHQY,133.17,11.6
HLA-DRB1*07:01,160,7,15,YAQYYTVLL,ENANYAQYYTVLLLS,133.60,11.65
HLA-DRB1*07:01,19,4,12,FFNVLTTNT,KFFNVLTTNTDGKIE,133.91,11.67
HLA-DRB1*07:01,293,4,12,ISSTFSQRI,ADGISSTFSQRIEGL,134.05,11.67
HLA-DRB1*07:01,346,6,14,FDIGSPTAF,KEELAFDIGSPTAFL,134.44,11.72
HLA-DRB1*07:01,186,6,14,WGYAEAISL,ADLDKWGYAEAISLR,134.97,11.73
HLA-DRB1*07:01,43,5,13,FTLTISRLE,GTDFTLTISRLEPED,135.60,11.8
HLA-DRB1*07:01,169,5,13,FFWNVAPGA,RSFFWNVAPGAESAV,136.01,11.870000000000001
HLA-DRB1*07:01,3,6,14,IKPTFAPPV,KQVIKPTFAPPVPPV,136.73,11.91
HLA-DRB1*07:01,345,5,13,FADSLGIPF,TAKEFADSLGIPFLE,138.09,12.040000000000001
HLA-DRB1*07:01,215,5,13,IVMVTNLKE,TATIVMVTNLKERKE,140.29,12.27
HLA-DRB1*07:01,79,7,15,FKLVNANGE,SHTFKLVNANGEAVY,142.92,12.55
HLA-DRB1*07:01,198,4,12,WLRIQAQSA,TEWLRIQAQSAAANN,143.68,12.65
HLA-DRB1*07:01,219,7,15,YIAVHVVPD,KPPQYIAVHVVPDQL,144.75,12.790000000000001
HLA-DRB1*07:01,288,4,12,VAGIYTRKV,QFVAGIYTRKVEIDE,145.37,12.86
HLA-DRB1*07:01,20,7,15,IEFLFTKNV,NTKLGIEFLFTKNVK,148.07,13.09
HLA-DRB1*07:01,193,8,16,LYRPVAVAL,PILYRPVAVALDTKG,148.84,13.14
HLA-DRB1*07:01,235,5,13,YRSWRTQHI,LPSYRSWRTQHIGNQ,148.97,13.16
HLA-DRB1*07:01,193,8,16,LYRPVAVAL,SDPILYRPVAVALDT,151.02,13.32
HLA-DRB1*07:01,194,8,16,IAELSSART,DVPAIAELSSARTVL,151.08,13.32
HLA-DRB1*07:01,141,5,13,MRQTVAVGV,RDMRQTVAVGVIKAV,151.76,13.4
HLA-DRB1*07:01,198,4,12,WLRIQAQSA,EWLRIQAQSAAANNT,152.00,13.42
HLA-DRB1*07:01,133,8,16,YLQMNSLRA,NTVYLQMNSLRAEDT,153.93,13.61
HLA-DRB1*07:01,199,4,12,YLQMNSLRA,NTVYLQMNSLRAEDT,153.93,13.61
HLA-DRB1*07:01,160,7,15,YAQYYTVLL,MENANYAQYYTVLLL,154.15,13.65
HLA-DRB1*07:01,41,3,11,AILFLPRKR,IPAILFLPRKRSQAE,154.26,13.66
HLA-DRB1*07:01,235,5,13,YRSWRTQHI,RLPSYRSWRTQHIGN,154.64,13.67
HLA-DRB1*07:01,186,6,14,WGYAEAISL,DKWGYAEAISLRDTD,155.10,13.700000000000001
HLA-DRB1*07:01,255,10,18,IQKESTLHL,TLSDYNIQKESTLHL,155.77,13.72
HLA-DRB1*07:01,344,6,14,NLRASANNL,YLNLRASANNLQSDN,159.96,14.17
HLA-DRB1*07:01,169,5,13,FFWNVAPGA,DSRSFFWNVAPGAES,159.98,14.17
HLA-DRB1*07:01,59,10,18,FNGAPTANF,LRFNGAPTANFQQDV,160.87,14.290000000000001
HLA-DRB1*07:01,62,7,15,YTFCFSTLI,DNDKKPYTFCFSTLI,161.66,14.35
HLA-DRB1*07:01,203,5,13,YIAAQGPRD,PRKYIAAQGPRDETV,161.73,14.36
HLA-DRB1*07:01,259,5,13,FIINRPPAP,GSRSFIINRPPAPTP,162.71,14.47
HLA-DRB1*07:01,5,5,13,FMGVVSLGS,LRHTFMGVVSLGSPS,163.05,14.49
HLA-DRB1*07:01,309,6,14,FMGVVSLGS,LRHTFMGVVSLGSPS,163.05,14.49
HLA-DRB1*07:01,277,6,14,KFVAISDLY,IDQKFVAISDLYEPI,163.15,14.5
HLA-DRB1*07:01,325,6,14,KFVAISDLY,IDQKFVAISDLYEPI,163.15,14.5
HLA-DRB1*07:01,66,5,13,VYKPATQYL,KFVQVYKPATQYLGK,163.59,14.52
HLA-DRB1*07:01,45,6,14,FVRFDSNAA,DDTQFVRFDSNAASP,163.79,14.540000000000001
HLA-DRB1*07:01,253,7,15,FVRFDSNAA,DDTQFVRFDSNAASP,163.79,14.540000000000001
HLA-DRB1*07:01,341,8,16,YLQMNSLRA,NTLYLQMNSLRAEDT,165.81,14.83
HLA-DRB1*07:01,179,2,10,FLYQQQGRL,YFLYQQQGRLDKLTV,166.56,14.89
HLA-DRB1*07:01,93,9,17,WVTVNGKPL,HEYVPWVTVNGKPLE,166.89,14.92
HLA-DRB1*07:01,22,8,16,IAQAFTLTL,EQNPKGIAQAFTLTL,167.69,15.030000000000001
HLA-DRB1*07:01,180,7,15,YLGYLRKQV,LFTQDTYLGYLRKQV,168.68,15.13
HLA-DRB1*07:01,93,9,17,WVTVNGKPL,EYVPWVTVNGKPLED,169.48,15.21
HLA-DRB1*07:01,184,4,12,LQKAMNARS,YNNLQKAMNARSLES,170.27,15.27
HLA-DRB1*07:01,193,8,16,LYRPVAVAL,ASDPILYRPVAVALD,171.95,15.44
HLA-DRB1*07:01,153,4,12,YRIESVLSS,TGNYRIESVLSSSGK,172.59,15.51
HLA-DRB1*07:01,309,6,14,FMGVVSLGS,DLRHTFMGVVSLGSP,173.11,15.51
HLA-DRB1*07:01,259,5,13,FIINRPPAP,RSFIINRPPAPTPRP,173.29,15.530000000000001
HLA-DRB1*07:01,278,8,16,IEFVYPSLA,QIIKPIEFVYPSLAE,174.63,15.68
HLA-DRB1*07:01,79,7,15,FKLVNANGE,GSHTFKLVNANGEAV,178.06,16.0
HLA-DRB1*07:01,100,5,13,LRSGPSQLF,QGNLRSGPSQLFITH,178.41,16.02
HLA-DRB1*07:01,110,5,13,ISVGAGLNV,RMQVISVGAGLNVGA,179.45,16.12
HLA-DRB1*07:01,161,5,13,YIKLQTNRD,PNSYIKLQTNRDGAA,179.86,16.16
HLA-DRB1*07:01,193,8,16,LYRPVAVAL,FASDPILYRPVAVAL,180.30,16.16
HLA-DRB1*07:01,331,3,11,FVRFNSDAA,TQFVRFNSDAASPRG,180.41,16.18
HLA-DRB1*07:01,295,5,13,LIRTQPQRL,SDGELIRTQPQRLPQ,180.62,16.18
HLA-DRB1*07:01,343,7,15,LYLQMNSLR,DNAKNSLYLQMNSLR,185.28,16.67
HLA-DRB1*07:01,159,2,10,YLQMNSLRA,LYLQMNSLRAENTAV,185.30,16.67
HLA-DRB1*07:01,65,12,20,LLVRYTKKV,KFQNALLVRYTKKVP,186.06,16.78
HLA-DRB1*07:01,289,2,10,YSLGSALRP,TYSLGSALRPSTSRS,188.32,16.92
HLA-DRB1*07:01,45,6,14,FVRFDSNAA,VDDTQFVRFDSNAAS,188.73,16.96
HLA-DRB1*07:01,253,7,15,FVRFDSNAA,VDDTQFVRFDSNAAS,188.73,16.96
HLA-DRB1*07:01,291,6,14,FVRFDSNAA,VDDTQFVRFDSNAAS,188.73,16.96
HLA-DRB1*07:01,341,7,15,LYLQMNSLR,DNSKNTLYLQMNSLR,189.10,16.990000000000002
HLA-DRB1*07:01,93,9,17,WVTVNGKPL,PHEYVPWVTVNGKPL,189.25,17.0
HLA-DRB1*07:01,186,6,14,WGYAEAISL,KWGYAEAISLRDTDN,189.25,17.0
HLA-DRB1*07:01,153,4,12,YRIESVLSS,GNYRIESVLSSSGKR,190.34,17.12
HLA-DRB1*07:01,291,6,14,FVRFDSNAA,FVRFDSNAASQRMEP,190.34,17.12
HLA-DRB1*07:01,299,4,12,FVRFDSNAA,FVRFDSNAASQRMEP,190.34,17.12
HLA-DRB1*07:01,220,5,13,YKVIDHLTV,PAPYKVIDHLTVVGQ,190.37,17.12
HLA-DRB1*07:01,133,7,15,VYLQMNSLR,DNSKNTVYLQMNSLR,195.40,17.46
HLA-DRB1*07:01,198,4,12,WLRIQAQSA,WLRIQAQSAAANNTD,195.99,17.56
HLA-DRB1*07:01,100,5,13,LRSGPSQLF,GQGNLRSGPSQLFIT,197.41,17.67
HLA-DRB1*07:01,188,4,12,SIRYQVSRF,ERTSIRYQVSRFEQD,198.80,17.75
HLA-DRB1*07:01,3,6,14,IKPTFAPPV,PKQVIKPTFAPPVPP,199.09,17.77
HLA-DRB1*07:01,340,2,10,LQIIPTLEL,DLQIIPTLELAKVEN,201.29,17.96
HLA-DRB1*07:01,278,8,16,IEFVYPSLA,DQIIKPIEFVYPSLA,201.86,17.990000000000002
HLA-DRB1*07:01,220,5,13,YKVIDHLTV,PPAPYKVIDHLTVVG,203.87,18.21
HLA-DRB1*07:01,242,1,9,YRSAGVIKL,YRSAGVIKLYTGRGG,206.00,18.34
HLA-DRB1*07:01,176,9,17,LITTAAAKW,RNQSQTLITTAAAKW,209.63,18.650000000000002
HLA-DRB1*07:01,331,3,11,FVRFNSDAA,QFVRFNSDAASPRGE,209.98,18.68
HLA-DRB1*07:01,184,5,13,QKAMNARSL,NNLQKAMNARSLESL,212.91,18.89
HLA-DRB1*07:01,228,8,16,YVVIQLPRH,YQIDQLYVVIQLPRH,215.71,19.12
HLA-DRB1*07:01,110,5,13,ISVGAGLNV,MQVISVGAGLNVGAS,217.38,19.28
HLA-DRB1*07:01,325,7,15,FVAISDLYE,DQKFVAISDLYEPID,217.75,19.32
HLA-DRB1*07:01,66,5,13,VYKPATQYL,FVQVYKPATQYLGKN,218.66,19.39
HLA-DRB1*07:01,180,7,15,YLGYLRKQV,FTQDTYLGYLRKQVQ,218.79,19.400000000000002
HLA-DRB1*07:01,3,6,14,IKPTFAPPV,APKQVIKPTFAPPVP,219.18,19.43
HLA-DRB1*07:01,133,8,16,YLQMNSLRA,TVYLQMNSLRAEDTA,220.84,19.57
HLA-DRB1*07:01,199,4,12,YLQMNSLRA,TVYLQMNSLRAEDTA,220.84,19.57
HLA-DRB1*07:01,16,7,15,WLSIENAQA,DTIWLSIENAQATGK,221.18,19.580000000000002
HLA-DRB1*07:01,18,8,16,AYAAANTKL,IDPAYAAANTKLEPI,222.26,19.64
HLA-DRB1*07:01,80,5,13,FYVSGNTEN,GYHFYVSGNTENALV,222.56,19.66
HLA-DRB1*07:01,285,9,17,AVRFTALDL,GRRLAVRFTALDLGF,222.84,19.69
HLA-DRB1*07:01,160,7,15,YAQYYTVLL,RMENANYAQYYTVLL,222.98,19.72
HLA-DRB1*07:01,127,3,11,LRHLRAVPT,SDLRHLRAVPTDEAR,224.69,19.82
HLA-DRB1*07:01,220,5,13,YKVIDHLTV,APYKVIDHLTVVGQQ,226.90,19.98
HLA-DRB1*07:01,169,5,13,FFWNVAPGA,SFFWNVAPGAESAVA,227.32,20.02
HLA-DRB1*07:01,341,8,16,YLQMNSLRA,TLYLQMNSLRAEDTA,229.05,20.17
HLA-DRB1*07:01,132,8,16,YTQNRAVDY,PRSYTQNRAVDYSCQ,232.07,20.41
HLA-DRB1*07:01,161,5,13,YIKLQTNRD,SPNSYIKLQTNRDGA,232.85,20.45
HLA-DRB1*07:01,305,4,12,WAHASTSAM,GSCWAHASTSAMADR,234.14,20.55
HLA-DRB1*07:01,364,6,14,LMMENSLLG,VHKELMMENSLLGKF,235.16,20.61
HLA-DRB1*07:01,203,5,13,YIAAQGPRD,RKYIAAQGPRDETVD,236.06,20.7
HLA-DRB1*07:01,16,7,15,WLSIENAQA,YDTIWLSIENAQATG,239.94,20.95
HLA-DRB1*07:01,365,3,11,YIALNENLR,KDYIALNENLRSWTA,240.83,21.01
HLA-DRB1*07:01,69,5,13,VIILIGNKA,PNTVIILIGNKADLE,241.35,21.1
HLA-DRB1*07:01,209,4,12,IRSQPVPRS,KAEIRSQPVPRSVLV,241.58,21.150000000000002
HLA-DRB1*07:01,159,5,13,MNSLRAENT,YLQMNSLRAENTAVY,243.61,21.34
HLA-DRB1*07:01,285,6,14,RRLAVRFTA,HDGRRLAVRFTALDL,245.76,21.53
HLA-DRB1*07:01,277,6,14,KFVAISDLY,PIDQKFVAISDLYEP,246.31,21.6
HLA-DRB1*07:01,325,6,14,KFVAISDLY,PIDQKFVAISDLYEP,246.31,21.6
HLA-DRB1*07:01,214,4,12,FSSTPTTTV,IFSSTPTTTVKDQVN,247.99,21.72
HLA-DRB1*07:01,271,4,12,YETAKVLLD,EGSYETAKVLLDHFA,248.92,21.77
HLA-DRB1*07:01,67,3,11,FHRAASSAA,TFHRAASSAAQGAFQ,249.00,21.78
HLA-DRB1*07:01,39,8,16,FQKWASVVV,DGTFQKWASVVVPSG,249.56,21.82
HLA-DRB1*07:01,55,5,13,FQKWASVVV,DGTFQKWASVVVPSG,249.56,21.82
HLA-DRB1*07:01,123,9,17,FQKWASVVV,DGTFQKWASVVVPSG,249.56,21.82
HLA-DRB1*07:01,171,8,16,FQKWASVVV,DGTFQKWASVVVPSG,249.56,21.82
HLA-DRB1*07:01,285,9,17,AVRFTALDL,RRLAVRFTALDLGFG,250.15,21.84
HLA-DRB1*07:01,118,5,13,FDNTVPIGR,NQIFDNTVPIGREIM,250.74,21.89
HLA-DRB1*07:01,252,3,11,LDVSATRGL,YELDVSATRGLVKGV,251.81,21.92
HLA-DRB1*07:01,219,7,15,YIAVHVVPD,GKPPQYIAVHVVPDQ,252.77,21.98
HLA-DRB1*07:01,60,9,17,FQVGVPNDF,IDAFQVGVPNDFQNG,253.59,22.05
HLA-DRB1*07:01,16,7,15,WLSIENAQA,TIWLSIENAQATGKD,253.90,22.080000000000002
HLA-DRB1*07:01,132,8,16,YTQNRAVDY,APRSYTQNRAVDYSC,254.24,22.080000000000002
HLA-DRB1*07:01,80,5,13,FYVSGNTEN,YHFYVSGNTENALVA,254.83,22.12
HLA-DRB1*07:01,16,7,15,WLSIENAQA,NYDTIWLSIENAQAT,256.66,22.25
HLA-DRB1*07:01,69,5,13,VIILIGNKA,NPNTVIILIGNKADL,256.72,22.28
HLA-DRB1*07:01,325,7,15,FVAISDLYE,QKFVAISDLYEPIDD,256.92,22.28
HLA-DRB1*07:01,69,5,13,VIILIGNKA,NTVIILIGNKADLEA,258.38,22.35
HLA-DRB1*07:01,203,5,13,YIAAQGPRD,EPRKYIAAQGPRDET,260.77,22.46
HLA-DRB1*07:01,283,5,13,YIAAQGPRD,EPRKYIAAQGPRDET,260.77,22.46
HLA-DRB1*07:01,364,6,14,LMMENSLLG,HKELMMENSLLGKFN,260.85,22.46
HLA-DRB1*07:01,285,9,17,AVRFTALDL,DGRRLAVRFTALDLG,263.40,22.650000000000002
HLA-DRB1*07:01,79,7,15,FKLVNANGE,YGSHTFKLVNANGEA,263.77,22.68
HLA-DRB1*07:01,193,8,16,LYRPVAVAL,ILYRPVAVALDTKGP,263.91,22.68
HLA-DRB1*07:01,100,5,13,LRSGPSQLF,GNLRSGPSQLFITHF,267.14,22.88
HLA-DRB1*07:01,277,6,14,KFVAISDLY,EPIDQKFVAISDLYE,268.10,22.94
HLA-DRB1*07:01,325,6,14,KFVAISDLY,EPIDQKFVAISDLYE,268.10,22.94
HLA-DRB1*07:01,39,8,16,FQKWASVVV,GDGTFQKWASVVVPS,268.53,22.96
HLA-DRB1*07:01,55,5,13,FQKWASVVV,GDGTFQKWASVVVPS,268.53,22.96
HLA-DRB1*07:01,123,9,17,FQKWASVVV,GDGTFQKWASVVVPS,268.53,22.96
HLA-DRB1*07:01,171,8,16,FQKWASVVV,GDGTFQKWASVVVPS,268.53,22.96
HLA-DRB1*07:01,235,5,13,YRSWRTQHI,PSYRSWRTQHIGNQE,270.94,23.09
HLA-DRB1*07:01,60,9,17,FQVGVPNDF,AIDAFQVGVPNDFQN,273.09,23.27
HLA-DRB1*07:01,181,5,13,IQAQTAFSA,VIQAQTAFSANPANP,274.56,23.34
HLA-DRB1*07:01,118,4,12,IFDNTVPIG,HNQIFDNTVPIGREI,274.81,23.34
HLA-DRB1*07:01,120,2,10,YRSGATLWI,DYRSGATLWIDANKL,276.75,23.46
HLA-DRB1*07:01,39,8,16,FQKWASVVV,GTFQKWASVVVPSGQ,276.93,23.47
HLA-DRB1*07:01,55,5,13,FQKWASVVV,GTFQKWASVVVPSGQ,276.93,23.47
HLA-DRB1*07:01,123,9,17,FQKWASVVV,GTFQKWASVVVPSGQ,276.93,23.47
HLA-DRB1*07:01,171,8,16,FQKWASVVV,GTFQKWASVVVPSGQ,276.93,23.47
HLA-DRB1*07:01,135,5,13,FGRAFSFEA,HLEEFGRAFSFEAQG,277.38,23.48
HLA-DRB1*07:01,3,6,14,IKPTFAPPV,QVIKPTFAPPVPPVK,281.85,23.8
HLA-DRB1*07:01,200,7,15,LYMQTENNL,VAARSLYMQTENNLT,282.01,23.82
HLA-DRB1*07:01,231,5,13,FKEAFSLFD,QIAEFKEAFSLFDKD,286.60,24.080000000000002
HLA-DRB1*07:01,80,3,11,YHFYVSGNT,GGYHFYVSGNTENAL,288.81,24.23
HLA-DRB1*07:01,168,4,12,FFSVRQADA,PDTFFSVRQADAKRD,291.15,24.44
HLA-DRB1*07:01,297,2,10,LLVRYTKKV,ALLVRYTKKVPQVST,291.81,24.490000000000002
HLA-DRB1*07:01,324,4,12,VQLKGPQKL,VYGVQLKGPQKLVKT,292.83,24.53
HLA-DRB1*07:01,253,7,15,FVRFDSNAA,YVDDTQFVRFDSNAA,293.71,24.6
HLA-DRB1*07:01,135,5,13,FGRAFSFEA,LEEFGRAFSFEAQGG,295.33,24.69
HLA-DRB1*07:01,262,2,10,FLGQLSVLD,RFLGQLSVLDKQLTQ,299.01,25.0
HLA-DRB1*07:01,239,7,15,LIRTQPQRL,NPSDGELIRTQPQRL,299.46,25.0
HLA-DRB1*07:01,100,5,13,LRSGPSQLF,LRSGPSQLFITHFKY,300.62,25.060000000000002
HLA-DRB1*07:01,193,6,14,PILYRPVAV,SFASDPILYRPVAVA,302.00,25.17
HLA-DRB1*07:01,65,12,20,LLVRYTKKV,FQNALLVRYTKKVPQ,302.30,25.2
HLA-DRB1*07:01,165,4,12,WTAANTAAQ,LRSWTAANTAAQITQ,303.24,25.330000000000002
HLA-DRB1*07:01,175,4,12,WTAANTAAQ,LRSWTAANTAAQITQ,303.24,25.330000000000002
HLA-DRB1*07:01,100,5,13,LRSGPSQLF,NLRSGPSQLFITHFK,303.41,25.35
HLA-DRB1*07:01,141,5,13,MRQTVAVGV,DMRQTVAVGVIKAVD,304.08,25.39
HLA-DRB1*07:01,206,6,14,LLHVGTSKL,LLHVGTSKLDENETA,305.86,25.45
HLA-DRB1*07:01,327,9,17,FQKWAAVVV,NGTFQKWAAVVVPSG,306.22,25.45
HLA-DRB1*07:01,195,5,13,YRAVTELGR,DVGEYRAVTELGRPV,306.90,25.48
HLA-DRB1*07:01,228,2,10,YQIDQLYVV,GYQIDQLYVVIQLPR,306.98,25.490000000000002
HLA-DRB1*07:01,256,11,19,YQVLLGRNS,RLLDYQVLLGRNSTN,308.42,25.560000000000002
HLA-DRB1*07:01,79,7,15,FKLVNANGE,GYGSHTFKLVNANGE,313.35,25.91
HLA-DRB1*07:01,329,6,14,FVRFDSDAA,TQFVRFDSDAASQRM,316.22,26.16
HLA-DRB1*07:01,231,5,13,FKEAFSLFD,IAEFKEAFSLFDKDG,317.56,26.22
HLA-DRB1*07:01,331,6,14,FNSDAASPR,FVRFNSDAASPRGEP,318.30,26.25
HLA-DRB1*07:01,194,8,16,IAELSSART,PDVPAIAELSSARTV,318.53,26.26
HLA-DRB1*07:01,132,8,16,YTQNRAVDY,RAPRSYTQNRAVDYS,318.91,26.29
HLA-DRB1*07:01,323,10,18,YLQKLDTAY,EKKVVVYLQKLDTAY,320.07,26.36
HLA-DRB1*07:01,364,6,14,LMMENSLLG,HVHKELMMENSLLGK,320.64,26.400000000000002
HLA-DRB1*07:01,323,10,18,YLQKLDTAY,VVVYLQKLDTAYDDL,320.65,26.400000000000002
HLA-DRB1*07:01,327,9,17,FQKWAAVVV,GNGTFQKWAAVVVPS,321.22,26.45
HLA-DRB1*07:01,256,11,19,YQVLLGRNS,HRLLDYQVLLGRNST,324.56,26.62
HLA-DRB1*07:01,20,7,15,IEFLFTKNV,TNTKLGIEFLFTKNV,325.98,26.69
HLA-DRB1*07:01,132,8,16,YTQNRAVDY,RSYTQNRAVDYSCQW,329.61,26.95
HLA-DRB1*07:01,127,3,11,LRHLRAVPT,DLRHLRAVPTDEARA,333.57,27.240000000000002
HLA-DRB1*07:01,329,6,14,FVRFDSDAA,DTQFVRFDSDAASQR,335.06,27.32
HLA-DRB1*07:01,49,4,12,EFALNFNPS,VSHEFALNFNPSNPY,335.46,27.34
HLA-DRB1*07:01,323,10,18,YLQKLDTAY,KKVVVYLQKLDTAYD,336.36,27.41
HLA-DRB1*07:01,56,3,11,WVVQGSFAT,KPWVVQGSFATVQDG,336.78,27.44
HLA-DRB1*07:01,179,2,10,FLYQQQGRL,FLYQQQGRLDKLTVT,336.90,27.44
HLA-DRB1*07:01,261,1,9,FLYQQQGRL,FLYQQQGRLDKLTVT,336.90,27.44
HLA-DRB1*07:01,146,8,16,HKHSVAKKL,TEKKLGHKHSVAKKL,341.33,27.830000000000002
HLA-DRB1*07:01,312,7,15,LQFVPDKPL,DKAYKGLQFVPDKPL,346.36,28.1
HLA-DRB1*07:01,339,4,12,LVIQALTNI,ELPLVIQALTNIEDK,348.09,28.25
HLA-DRB1*07:01,59,7,15,VLRFNGAPT,DHDAVLRFNGAPTAN,352.60,28.62
HLA-DRB1*07:01,275,7,15,VLRFNGAPT,DHDAVLRFNGAPTAN,352.60,28.62
HLA-DRB1*07:01,321,7,15,VLRFNGAPT,DHDAVLRFNGAPTAN,352.60,28.62
HLA-DRB1*07:01,39,8,16,FQKWASVVV,AGDGTFQKWASVVVP,354.06,28.650000000000002
HLA-DRB1*07:01,123,9,17,FQKWASVVV,AGDGTFQKWASVVVP,354.06,28.650000000000002
HLA-DRB1*07:01,171,8,16,FQKWASVVV,AGDGTFQKWASVVVP,354.06,28.650000000000002
HLA-DRB1*07:01,66,5,13,VYKPATQYL,VQVYKPATQYLGKNE,355.40,28.75
HLA-DRB1*07:01,167,5,13,FVRFDSDAA,TQFVRFDSDAASQKM,357.61,28.85
HLA-DRB1*07:01,313,6,14,FVRFDSDAA,NTQFVRFDSDAASPR,359.59,28.95
HLA-DRB1*07:01,16,7,15,WLSIENAQA,IWLSIENAQATGKDA,364.24,29.19
HLA-DRB1*07:01,16,7,15,WLSIENAQA,ANYDTIWLSIENAQA,364.76,29.2
HLA-DRB1*07:01,39,8,16,FQKWASVVV,TFQKWASVVVPSGQE,366.09,29.310000000000002
HLA-DRB1*07:01,55,5,13,FQKWASVVV,TFQKWASVVVPSGQE,366.09,29.310000000000002
HLA-DRB1*07:01,123,9,17,FQKWASVVV,TFQKWASVVVPSGQE,366.09,29.310000000000002
HLA-DRB1*07:01,167,5,13,FVRFDSDAA,DTQFVRFDSDAASQK,369.21,29.46
HLA-DRB1*07:01,261,11,19,KLTVTSQNL,QGRLDKLTVTSQNLQ,369.45,29.47
HLA-DRB1*07:01,219,7,15,YIAVHVVPD,TGKPPQYIAVHVVPD,373.88,29.69
HLA-DRB1*07:01,242,9,17,LYTGRGGKV,AGVIKLYTGRGGKVK,374.89,29.72
HLA-DRB1*07:01,256,11,19,YQVLLGRNS,SHRLLDYQVLLGRNS,375.01,29.72
HLA-DRB1*07:01,168,4,12,FFSVRQADA,DTFFSVRQADAKRDQ,376.33,29.77
HLA-DRB1*07:01,103,5,13,FQKWAAVVV,GDGTFQKWAAVVVPS,377.83,29.900000000000002
HLA-DRB1*07:01,27,7,15,VYPAKTQPL,VHPQVTVYPAKTQPL,378.08,29.91
HLA-DRB1*07:01,39,8,16,FQKWASVVV,PAGDGTFQKWASVVV,382.33,30.150000000000002
HLA-DRB1*07:01,123,9,17,FQKWASVVV,PAGDGTFQKWASVVV,382.33,30.150000000000002
HLA-DRB1*07:01,171,8,16,FQKWASVVV,PAGDGTFQKWASVVV,382.33,30.150000000000002
HLA-DRB1*07:01,323,10,18,YLQKLDTAY,KVVVYLQKLDTAYDD,383.69,30.26
HLA-DRB1*07:01,365,3,11,YIALNENLR,DYIALNENLRSWTAA,389.30,30.560000000000002
HLA-DRB1*07:01,60,9,17,FQVGVPNDF,DAIDAFQVGVPNDFQ,391.33,30.67
HLA-DRB1*07:01,120,7,15,TLWIDANKL,YRSGATLWIDANKLE,391.51,30.7
HLA-DRB1*07:01,141,5,13,MRQTVAVGV,MRQTVAVGVIKAVDK,395.60,30.92
HLA-DRB1*07:01,327,9,17,FQKWAAVVV,AGNGTFQKWAAVVVP,398.85,31.07
HLA-DRB1*07:01,26,4,12,FSLPFTKKS,LSPFSLPFTKKSAIT,399.84,31.11
HLA-DRB1*07:01,327,9,17,FQKWAAVVV,PAGNGTFQKWAAVVV,404.99,31.44
HLA-DRB1*07:01,21,5,13,FAIQPNTTG,ELEFAIQPNTTGKQL,405.04,31.44
HLA-DRB1*07:01,139,4,12,FAIQPNTTG,ELEFAIQPNTTGKQL,405.04,31.44
HLA-DRB1*07:01,181,5,13,IQAQTAFSA,IQAQTAFSANPANPA,407.53,31.54
HLA-DRB1*07:01,256,5,13,SHRLLDYQV,KEITSHRLLDYQVLL,407.74,31.55
HLA-DRB1*07:01,152,1,9,KYHVEGFSL,KYHVEGFSLVNKDTF,408.67,31.62
HLA-DRB1*07:01,52,4,12,FVAWYDHLS,RGDFVAWYDHLSYRQ,410.86,31.8
HLA-DRB1*07:01,329,6,14,FVRFDSDAA,QFVRFDSDAASQRME,411.06,31.82
HLA-DRB1*07:01,252,3,11,LDVSATRGL,ELDVSATRGLVKGVV,412.40,31.89
HLA-DRB1*07:01,18,8,16,AYAAANTKL,QSIDPAYAAANTKLE,417.46,32.14
HLA-DRB1*07:01,285,9,17,AVRFTALDL,RLAVRFTALDLGFGD,419.15,32.21
HLA-DRB1*07:01,242,9,17,LYTGRGGKV,SAGVIKLYTGRGGKV,420.24,32.27
HLA-DRB1*07:01,196,4,12,VEVTAGPRV,DGLVEVTAGPRVERY,423.55,32.44
HLA-DRB1*07:01,18,8,16,AYAAANTKL,SIDPAYAAANTKLEP,424.11,32.47
HLA-DRB1*07:01,201,5,13,VYMIDAADR,VNAIVYMIDAADREK,428.83,32.72
HLA-DRB1*07:01,159,5,13,MNSLRAENT,LQMNSLRAENTAVYY,430.87,32.82
HLA-DRB1*07:01,59,10,18,FNGAPTANF,RFNGAPTANFQQDVG,434.42,33.0
HLA-DRB1*07:01,297,4,12,VRYTKKVPQ,LLVRYTKKVPQVSTP,434.52,33.02
HLA-DRB1*07:01,29,4,12,FVRFDSDAA,DTQFVRFDSDAASPR,436.14,33.09
HLA-DRB1*07:01,85,5,13,FVRFDSDAA,DTQFVRFDSDAASPR,436.14,33.09
HLA-DRB1*07:01,91,5,13,FVRFDSDAA,DTQFVRFDSDAASPR,436.14,33.09
HLA-DRB1*07:01,257,6,14,FVRFDSDAA,DTQFVRFDSDAASPR,436.14,33.09
HLA-DRB1*07:01,315,7,15,FVRFDSDAA,DTQFVRFDSDAASPR,436.14,33.09
HLA-DRB1*07:01,317,5,13,FVRFDSDAA,DTQFVRFDSDAASPR,436.14,33.09
HLA-DRB1*07:01,323,10,18,YLQKLDTAY,VVYLQKLDTAYDDLG,436.34,33.1
HLA-DRB1*07:01,29,4,12,FVRFDSDAA,TQFVRFDSDAASPRE,444.94,33.51
HLA-DRB1*07:01,85,5,13,FVRFDSDAA,TQFVRFDSDAASPRE,444.94,33.51
HLA-DRB1*07:01,257,6,14,FVRFDSDAA,TQFVRFDSDAASPRE,444.94,33.51
HLA-DRB1*07:01,315,7,15,FVRFDSDAA,TQFVRFDSDAASPRE,444.94,33.51
HLA-DRB1*07:01,317,5,13,FVRFDSDAA,TQFVRFDSDAASPRE,444.94,33.51
HLA-DRB1*07:01,50,6,14,FEAPHFYSL,NPVNNFEAPHFYSLS,445.78,33.53
HLA-DRB1*07:01,91,5,13,FVRFDSDAA,TQFVRFDSDAASPRG,447.44,33.6
HLA-DRB1*07:01,313,6,14,FVRFDSDAA,TQFVRFDSDAASPRG,447.44,33.6
HLA-DRB1*07:01,166,7,15,TALAQSAWI,RTRNQTALAQSAWIT,449.50,33.69
HLA-DRB1*07:01,72,1,9,FFGERSSMT,FFGERSSMTVRRPGP,451.14,33.75
HLA-DRB1*07:01,302,7,15,NWTKFILAI,GVPKNWTKFILAISE,451.99,33.79
HLA-DRB1*07:01,324,4,12,VQLKGPQKL,YGVQLKGPQKLVKTY,452.04,33.79
HLA-DRB1*07:01,142,1,9,IVRTKRAKV,IVRTKRAKVVQGDDA,456.96,34.0
HLA-DRB1*07:01,285,7,15,RLAVRFTAL,DPHDGRRLAVRFTAL,474.77,34.76
HLA-DRB1*07:01,274,7,15,LQQASTPEL,VAPKLQQASTPELAG,475.99,34.82
HLA-DRB1*07:01,167,5,13,FVRFDSDAA,QFVRFDSDAASQKME,476.47,34.83
HLA-DRB1*07:01,165,5,13,TAANTAAQI,RSWTAANTAAQITQR,479.42,34.95
HLA-DRB1*07:01,175,5,13,TAANTAAQI,RSWTAANTAAQITQR,479.42,34.95
HLA-DRB1*07:01,302,5,13,PKNWTKFIL,GGVPKNWTKFILAIS,479.77,34.980000000000004
HLA-DRB1*07:01,285,7,15,RLAVRFTAL,PHDGRRLAVRFTALD,480.90,35.01
HLA-DRB1*07:01,105,1,9,LKKLKITAV,LKKLKITAVDKTEDS,481.25,35.04
HLA-DRB1*07:01,168,4,12,FFSVRQADA,TFFSVRQADAKRDQD,481.79,35.06
HLA-DRB1*07:01,274,7,15,LQQASTPEL,APKLQQASTPELAGE,485.04,35.22
HLA-DRB1*07:01,80,5,13,FYVSGNTEN,HFYVSGNTENALVAK,486.41,35.27
HLA-DRB1*07:01,261,11,19,KLTVTSQNL,QQGRLDKLTVTSQNL,488.33,35.36
HLA-DRB1*07:01,325,7,15,FVAISDLYE,KFVAISDLYEPIDDG,489.36,35.39
HLA-DRB1*07:01,127,3,11,LRHLRAVPT,LRHLRAVPTDEARAF,491.06,35.44
HLA-DRB1*07:01,52,7,15,WYDHLSYRQ,GDFVAWYDHLSYRQG,495.56,35.59
HLA-DRB1*07:01,60,9,17,FQVGVPNDF,DAFQVGVPNDFQNGH,496.81,35.65
HLA-DRB1*07:01,243,6,14,IFKTNTQTY,RNTQIFKTNTQTYRE,502.27,35.97
HLA-DRB1*07:01,365,3,11,YIALNENLR,YIALNENLRSWTAAD,504.27,36.050000000000004
HLA-DRB1*07:01,256,6,14,HRLLDYQVL,ITSHRLLDYQVLLGR,504.30,36.050000000000004
HLA-DRB1*07:01,323,6,14,KVVVYLQKL,QEKKVVVYLQKLDTA,504.77,36.06
HLA-DRB1*07:01,200,7,15,LYMQTENNL,DVAARSLYMQTENNL,504.96,36.06
HLA-DRB1*07:01,3,6,14,IKPTFAPPV,VIKPTFAPPVPPVKP,509.60,36.33
HLA-DRB1*07:01,70,9,17,AIGIINTKL,NLDVPEAIGIINTKL,509.75,36.33
HLA-DRB1*07:01,18,8,16,AYAAANTKL,EQSIDPAYAAANTKL,510.07,36.39
HLA-DRB1*07:01,132,8,16,YTQNRAVDY,NRAPRSYTQNRAVDY,510.63,36.42
HLA-DRB1*07:01,15,3,11,NYIALNEDL,GKNYIALNEDLRSWT,516.97,36.72
HLA-DRB1*07:01,322,12,20,RDHFLAIAV,GANTNRDHFLAIAVQ,520.17,36.85
HLA-DRB1*07:01,59,7,15,VLRFNGAPT,DDHDAVLRFNGAPTA,520.31,36.85
HLA-DRB1*07:01,275,7,15,VLRFNGAPT,DDHDAVLRFNGAPTA,520.31,36.85
HLA-DRB1*07:01,321,7,15,VLRFNGAPT,DDHDAVLRFNGAPTA,520.31,36.85
HLA-DRB1*07:01,256,5,13,SHRLLDYQV,EITSHRLLDYQVLLG,522.99,36.94
HLA-DRB1*07:01,245,12,20,LRSWTAANT,NEDLRSWTAANTAAQ,523.94,36.97
HLA-DRB1*07:01,189,9,17,RVVDLMAHM,YSNRVVDLMAHMASK,526.39,37.04
HLA-DRB1*07:01,39,8,16,FQKWASVVV,FQKWASVVVPSGQEQ,531.72,37.29
HLA-DRB1*07:01,55,5,13,FQKWASVVV,FQKWASVVVPSGQEQ,531.72,37.29
HLA-DRB1*07:01,123,9,17,FQKWASVVV,FQKWASVVVPSGQEQ,531.72,37.29
HLA-DRB1*07:01,149,5,13,YRIGDLQAF,GALYRIGDLQAFQGH,544.48,37.78
HLA-DRB1*07:01,21,5,13,FAIQPNTTG,AELEFAIQPNTTGKQ,546.37,37.83
HLA-DRB1*07:01,231,5,13,FKEAFSLFD,AEFKEAFSLFDKDGD,547.39,37.87
HLA-DRB1*07:01,203,5,13,YIAAQGPRD,KYIAAQGPRDETVDD,550.35,37.980000000000004
HLA-DRB1*07:01,197,7,15,WTAADTAAQ,LRSWTAADTAAQITQ,552.99,38.11
HLA-DRB1*07:01,265,7,15,WTAADTAAQ,LRSWTAADTAAQITQ,552.99,38.11
HLA-DRB1*07:01,353,7,15,WTAADTAAQ,LRSWTAADTAAQITQ,552.99,38.11
HLA-DRB1*07:01,29,4,12,FVRFDSDAA,QFVRFDSDAASPREE,556.38,38.26
HLA-DRB1*07:01,85,5,13,FVRFDSDAA,QFVRFDSDAASPREE,556.38,38.26
HLA-DRB1*07:01,315,7,15,FVRFDSDAA,QFVRFDSDAASPREE,556.38,38.26
HLA-DRB1*07:01,317,5,13,FVRFDSDAA,QFVRFDSDAASPREE,556.38,38.26
HLA-DRB1*07:01,256,6,14,HRLLDYQVL,TSHRLLDYQVLLGRN,556.51,38.26
HLA-DRB1*07:01,193,9,17,YRPVAVALD,LYRPVAVALDTKGPE,557.07,38.28
HLA-DRB1*07:01,167,5,13,FVRFDSDAA,DDTQFVRFDSDAASQ,558.40,38.35
HLA-DRB1*07:01,329,6,14,FVRFDSDAA,DDTQFVRFDSDAASQ,558.40,38.35
HLA-DRB1*07:01,91,5,13,FVRFDSDAA,QFVRFDSDAASPRGE,560.39,38.46
HLA-DRB1*07:01,313,6,14,FVRFDSDAA,QFVRFDSDAASPRGE,560.39,38.46
HLA-DRB1*07:01,56,3,11,WVVQGSFAT,PWVVQGSFATVQDGG,562.12,38.52
HLA-DRB1*07:01,149,5,13,YRIGDLQAF,TGALYRIGDLQAFQG,574.33,38.980000000000004
HLA-DRB1*07:01,60,9,17,FQVGVPNDF,TDAIDAFQVGVPNDF,574.48,38.980000000000004
HLA-DRB1*07:01,166,7,15,TALAQSAWI,ARTRNQTALAQSAWI,578.77,39.14
HLA-DRB1*07:01,313,6,14,FVRFDSDAA,DNTQFVRFDSDAASP,578.78,39.14
HLA-DRB1*07:01,189,9,17,RVVDLMAHM,SNRVVDLMAHMASKE,584.10,39.44
HLA-DRB1*07:01,252,3,11,LDVSATRGL,LDVSATRGLVKGVVH,590.80,39.68
HLA-DRB1*07:01,243,6,14,IFKTNTQTY,DRNTQIFKTNTQTYR,594.10,39.800000000000004
HLA-DRB1*07:01,137,4,12,KAIIKPQYV,DDLKAIIKPQYVDQI,599.95,40.06
HLA-DRB1*07:01,189,10,18,VVDLMAHMA,FGYSNRVVDLMAHMA,604.02,40.18
HLA-DRB1*07:01,210,4,12,KVSERVARV,SPLKVSERVARVQIP,604.81,40.21
HLA-DRB1*07:01,285,9,17,AVRFTALDL,LAVRFTALDLGFGDA,606.30,40.26
HLA-DRB1*07:01,197,7,15,WTAADTAAQ,NLRSWTAADTAAQIT,607.20,40.29
HLA-DRB1*07:01,265,7,15,WTAADTAAQ,NLRSWTAADTAAQIT,607.20,40.29
HLA-DRB1*07:01,353,7,15,WTAADTAAQ,NLRSWTAADTAAQIT,607.20,40.29
HLA-DRB1*07:01,274,7,15,LQQASTPEL,QVAPKLQQASTPELA,610.12,40.42
HLA-DRB1*07:01,15,3,11,NYIALNEDL,KNYIALNEDLRSWTA,610.33,40.42
HLA-DRB1*07:01,189,9,17,RVVDLMAHM,GYSNRVVDLMAHMAS,610.49,40.43
HLA-DRB1*07:01,216,5,13,TTTNMKNRL,EVATTTNMKNRLKIV,614.42,40.57
HLA-DRB1*07:01,114,5,13,LAPRGNAAL,HALLAPRGNAALTYI,615.95,40.65
HLA-DRB1*07:01,190,12,20,FGMAREYNA,KSVEVFGMAREYNAM,619.05,40.79
HLA-DRB1*07:01,31,5,13,FEATDNQAI,GLTAFEATDNQAIKA,622.20,40.87
HLA-DRB1*07:01,137,4,12,KAIIKPQYV,DLKAIIKPQYVDQIP,630.91,41.19
HLA-DRB1*07:01,329,6,14,FVRFDSDAA,FVRFDSDAASQRMEP,640.52,41.54
HLA-DRB1*07:01,128,8,16,HRAAVEFAL,PRDHRAAVEFALARS,641.92,41.6
HLA-DRB1*07:01,137,4,12,KAIIKPQYV,LKAIIKPQYVDQIPK,645.69,41.84
HLA-DRB1*07:01,236,5,13,ILQGSNWQT,HRPILQGSNWQTRYS,645.94,41.86
HLA-DRB1*07:01,114,4,12,LLAPRGNAA,SHALLAPRGNAALTY,652.61,42.06
HLA-DRB1*07:01,176,8,16,TLITTAAAK,RRNQSQTLITTAAAK,660.30,42.33
HLA-DRB1*07:01,313,6,14,FVRFDSDAA,VDNTQFVRFDSDAAS,664.73,42.51
HLA-DRB1*07:01,182,10,18,QIVQTANFA,DNAKPQIVQTANFAP,669.40,42.660000000000004
HLA-DRB1*07:01,189,6,14,YSNRVVDLM,EFGYSNRVVDLMAHM,678.39,42.86
HLA-DRB1*07:01,189,5,13,GYSNRVVDL,NEFGYSNRVVDLMAH,678.69,42.87
HLA-DRB1*07:01,323,6,14,KVVVYLQKL,PQEKKVVVYLQKLDT,679.15,42.910000000000004
HLA-DRB1*07:01,229,4,12,EITTLNHKL,LEGEITTLNHKLQDA,681.40,42.95
HLA-DRB1*07:01,320,8,16,VGHVKLSLG,VVEVGHVKLSLGSKD,683.99,43.09
HLA-DRB1*07:01,255,8,16,YNIQKESTL,RTLSDYNIQKESTLH,692.94,43.49
HLA-DRB1*07:01,60,9,17,FQVGVPNDF,AFQVGVPNDFQNGHA,693.17,43.49
HLA-DRB1*07:01,241,9,17,YGTRYGASL,GIVGKYGTRYGASLR,694.74,43.59
HLA-DRB1*07:01,354,5,13,WAAAATRDS,LAKAWAAAATRDSTR,695.02,43.59
HLA-DRB1*07:01,15,14,22,WTAADTAAQ,DLRSWTAADTAAQIT,696.88,43.62
HLA-DRB1*07:01,66,5,13,VYKPATQYL,QVYKPATQYLGKNEQ,703.96,43.77
HLA-DRB1*07:01,366,9,17,SEYATNLTL,ADSEYATNLTLWDRK,704.65,43.78
HLA-DRB1*07:01,302,7,15,NWTKFILAI,GGGVPKNWTKFILAI,705.19,43.800000000000004
HLA-DRB1*07:01,245,12,20,LRSWTAANT,LNEDLRSWTAANTAA,718.93,44.27
HLA-DRB1*07:01,162,4,12,NALTSPSKI,GQDNALTSPSKIANR,719.79,44.300000000000004
HLA-DRB1*07:01,299,7,15,FDSNAASQR,VRFDSNAASQRMEPR,722.45,44.36
HLA-DRB1*07:01,354,5,13,WAAAATRDS,AKAWAAAATRDSTRI,723.12,44.37
HLA-DRB1*07:01,85,5,13,FVRFDSDAA,DDTQFVRFDSDAASP,725.57,44.49
HLA-DRB1*07:01,91,5,13,FVRFDSDAA,DDTQFVRFDSDAASP,725.57,44.49
HLA-DRB1*07:01,257,6,14,FVRFDSDAA,DDTQFVRFDSDAASP,725.57,44.49
HLA-DRB1*07:01,315,7,15,FVRFDSDAA,DDTQFVRFDSDAASP,725.57,44.49
HLA-DRB1*07:01,317,5,13,FVRFDSDAA,DDTQFVRFDSDAASP,725.57,44.49
HLA-DRB1*07:01,366,9,17,SEYATNLTL,AADSEYATNLTLWDR,727.25,44.51
HLA-DRB1*07:01,262,2,10,FLGQLSVLD,FLGQLSVLDKQLTQQ,729.90,44.57
HLA-DRB1*07:01,162,4,12,NALTSPSKI,QDNALTSPSKIANRY,730.05,44.58
HLA-DRB1*07:01,342,6,14,TLSRQNLKY,AADTLSRQNLKYMNL,739.06,44.86
HLA-DRB1*07:01,330,4,12,FRPDMASPD,AQVFRPDMASPDQFR,739.98,44.88
HLA-DRB1*07:01,132,8,16,YTQNRAVDY,SYTQNRAVDYSCQWP,741.69,44.95
HLA-DRB1*07:01,323,6,14,KVVVYLQKL,GPQEKKVVVYLQKLD,746.78,45.12
HLA-DRB1*07:01,108,7,15,EKAAYAMVV,SATPSEKAAYAMVVR,753.25,45.29
HLA-DRB1*07:01,194,8,16,IAELSSART,PPDVPAIAELSSART,753.36,45.29
HLA-DRB1*07:01,320,8,16,VGHVKLSLG,DVVEVGHVKLSLGSK,758.61,45.45
HLA-DRB1*07:01,189,3,11,EFGYSNRVV,DNEFGYSNRVVDLMA,780.83,46.050000000000004
HLA-DRB1*07:01,236,5,13,ILQGSNWQT,EHRPILQGSNWQTRY,781.91,46.07
HLA-DRB1*07:01,197,7,15,WTAADTAAQ,ENLRSWTAADTAAQI,783.14,46.13
HLA-DRB1*07:01,265,7,15,WTAADTAAQ,ENLRSWTAADTAAQI,783.14,46.13
HLA-DRB1*07:01,353,7,15,WTAADTAAQ,ENLRSWTAADTAAQI,783.14,46.13
HLA-DRB1*07:01,167,5,13,FVRFDSDAA,FVRFDSDAASQKMEP,783.29,46.13
HLA-DRB1*07:01,331,6,14,FNSDAASPR,VRFNSDAASPRGEPR,785.88,46.17
HLA-DRB1*07:01,322,12,20,RDHFLAIAV,DGANTNRDHFLAIAV,788.04,46.25
HLA-DRB1*07:01,320,5,13,VVEVGHVKL,VDVVEVGHVKLSLGS,790.40,46.32
HLA-DRB1*07:01,82,7,15,VNQTCAYRS,SNAVNQTCAYRSPWQ,792.02,46.34
HLA-DRB1*07:01,16,7,15,WLSIENAQA,WLSIENAQATGKDAT,797.02,46.47
HLA-DRB1*07:01,22,6,14,KGIAQAFTL,EEQNPKGIAQAFTLT,798.05,46.47
HLA-DRB1*07:01,202,2,10,VVEIDNMRA,IVVEIDNMRAKYADA,798.39,46.51
HLA-DRB1*07:01,120,7,15,TLWIDANKL,RSGATLWIDANKLED,799.32,46.53
HLA-DRB1*07:01,42,4,12,RLRQPSIEI,KAARLRQPSIEIPFL,807.87,46.86
HLA-DRB1*07:01,241,9,17,YGTRYGASL,VGIVGKYGTRYGASL,817.45,47.14
HLA-DRB1*07:01,342,6,14,TLSRQNLKY,ADTLSRQNLKYMNLN,817.80,47.15
HLA-DRB1*07:01,297,6,14,YTKKVPQVS,LVRYTKKVPQVSTPT,819.40,47.230000000000004
HLA-DRB1*07:01,274,7,15,LQQASTPEL,PKLQQASTPELAGEA,819.53,47.230000000000004
HLA-DRB1*07:01,257,6,14,FVRFDSDAA,VDDTQFVRFDSDAAS,830.45,47.56
HLA-DRB1*07:01,315,7,15,FVRFDSDAA,VDDTQFVRFDSDAAS,830.45,47.56
HLA-DRB1*07:01,329,6,14,FVRFDSDAA,VDDTQFVRFDSDAAS,830.45,47.56
HLA-DRB1*07:01,28,4,12,KQPVQPYTL,HPVKQPVQPYTLTVA,833.40,47.61
HLA-DRB1*07:01,342,12,20,LKYMNLNES,TLSRQNLKYMNLNES,846.36,48.0
HLA-DRB1*07:01,29,4,12,FVRFDSDAA,FVRFDSDAASPREEP,855.27,48.29
HLA-DRB1*07:01,85,5,13,FVRFDSDAA,FVRFDSDAASPREEP,855.27,48.29
HLA-DRB1*07:01,315,7,15,FVRFDSDAA,FVRFDSDAASPREEP,855.27,48.29
HLA-DRB1*07:01,317,5,13,FVRFDSDAA,FVRFDSDAASPREEP,855.27,48.29
HLA-DRB1*07:01,91,5,13,FVRFDSDAA,FVRFDSDAASPRGEP,857.67,48.32
HLA-DRB1*07:01,313,6,14,FVRFDSDAA,FVRFDSDAASPRGEP,857.67,48.32
HLA-DRB1*07:01,324,4,12,VQLKGPQKL,GVQLKGPQKLVKTYD,865.22,48.53
HLA-DRB1*07:01,213,8,16,IFSTASDNQ,KSQIFSTASDNQPTV,866.12,48.58
HLA-DRB1*07:01,320,5,13,VVEVGHVKL,DVDVVEVGHVKLSLG,866.57,48.59
HLA-DRB1*07:01,128,8,16,HRAAVEFAL,EPRDHRAAVEFALAR,880.89,48.92
HLA-DRB1*07:01,15,3,11,NYIALNEDL,NYIALNEDLRSWTAA,882.99,48.97
HLA-DRB1*07:01,236,5,13,ILQGSNWQT,RPILQGSNWQTRYSR,888.01,49.09
HLA-DRB1*07:01,9,4,12,NEFGYSNRV,WYDNEFGYSNRVVDL,888.26,49.09
HLA-DRB1*07:01,47,4,12,YIALNEDLR,GKDYIALNEDLRSWT,891.06,49.15
HLA-DRB1*07:01,119,5,13,YIALNEDLR,GKDYIALNEDLRSWT,891.06,49.15
HLA-DRB1*07:01,185,5,13,YIALNEDLR,GKDYIALNEDLRSWT,891.06,49.15
HLA-DRB1*07:01,245,5,13,YIALNEDLR,GKDYIALNEDLRSWT,891.06,49.15
HLA-DRB1*07:01,351,5,13,YIALNEDLR,GKDYIALNEDLRSWT,891.06,49.15
HLA-DRB1*07:01,278,7,15,PIEFVYPSL,DDQIIKPIEFVYPSL,896.08,49.22
HLA-DRB1*07:01,227,7,15,QQLDYGIYV,PVLQRQQLDYGIYVI,899.95,49.32
HLA-DRB1*07:01,190,12,20,FGMAREYNA,NKSVEVFGMAREYNA,904.59,49.51
HLA-DRB1*07:01,248,6,14,IKVDVRTGV,VQRAIKVDVRTGVAA,914.48,49.72
HLA-DRB1*07:01,242,6,14,VIKLYTGRG,RSAGVIKLYTGRGGK,916.26,49.79
HLA-DRB1*07:01,265,7,15,WTAADTAAQ,RSWTAADTAAQITQR,920.97,49.85
HLA-DRB1*07:01,353,7,15,WTAADTAAQ,RSWTAADTAAQITQR,920.97,49.85
HLA-DRB1*07:01,320,5,13,VVEVGHVKL,ADVDVVEVGHVKLSL,930.53,50.120000000000005
HLA-DRB1*07:01,255,8,16,YNIQKESTL,GRTLSDYNIQKESTL,941.45,50.370000000000005
HLA-DRB1*07:01,15,14,22,WTAADTAAQ,EDLRSWTAADTAAQI,951.15,50.56
HLA-DRB1*07:01,292,3,11,FRDQNASPQ,MVFRDQNASPQTFEA,960.02,50.84
HLA-DRB1*07:01,216,5,13,TTTNMKNRL,EEVATTTNMKNRLKI,963.72,50.95
HLA-DRB1*07:01,176,7,15,QTLITTAAA,ARRNQSQTLITTAAA,966.39,51.050000000000004
HLA-DRB1*07:01,73,7,15,VHWTRAGEV,PGKIDVHWTRAGEVQ,972.46,51.19
HLA-DRB1*07:01,66,11,19,QYLGKNEQL,PATQYLGKNEQLRLE,974.92,51.27
HLA-DRB1*07:01,82,7,15,VNQTCAYRS,NAVNQTCAYRSPWQR,976.00,51.300000000000004
HLA-DRB1*07:01,197,4,12,LRSWTAADT,NENLRSWTAADTAAQ,977.23,51.31
HLA-DRB1*07:01,265,4,12,LRSWTAADT,NENLRSWTAADTAAQ,977.23,51.31
HLA-DRB1*07:01,353,4,12,LRSWTAADT,NENLRSWTAADTAAQ,977.23,51.31
HLA-DRB1*07:01,365,10,18,LRSWTAADT,NENLRSWTAADTAAQ,977.23,51.31
HLA-DRB1*07:01,175,5,13,TAANTAAQI,SWTAANTAAQITQRK,980.91,51.38
HLA-DRB1*07:01,182,10,18,QIVQTANFA,SDNAKPQIVQTANFA,981.22,51.38
HLA-DRB1*07:01,300,1,9,FAASQTVPP,FAASQTVPPDARRQR,984.34,51.410000000000004
HLA-DRB1*07:01,99,2,10,YFRNQKGHS,IYFRNQKGHSGLQPT,986.06,51.44
HLA-DRB1*07:01,82,7,15,VNQTCAYRS,DSNAVNQTCAYRSPW,986.71,51.49
HLA-DRB1*07:01,152,2,10,YHVEGFSLV,YHVEGFSLVNKDTFA,987.76,51.49
HLA-DRB1*07:01,47,4,12,YIALNEDLR,KDYIALNEDLRSWTA,994.97,51.620000000000005
HLA-DRB1*07:01,119,5,13,YIALNEDLR,KDYIALNEDLRSWTA,994.97,51.620000000000005
HLA-DRB1*07:01,185,5,13,YIALNEDLR,KDYIALNEDLRSWTA,994.97,51.620000000000005
HLA-DRB1*07:01,245,5,13,YIALNEDLR,KDYIALNEDLRSWTA,994.97,51.620000000000005
HLA-DRB1*07:01,351,5,13,YIALNEDLR,KDYIALNEDLRSWTA,994.97,51.620000000000005
HLA-DRB1*07:01,294,7,15,IISGESFDA,RTLQSGIISGESFDA,998.28,51.67
HLA-DRB1*07:01,352,7,15,LSKIAANDA,EDRLSKIAANDATDW,1001.08,51.730000000000004
HLA-DRB1*07:01,366,9,17,SEYATNLTL,AAADSEYATNLTLWD,1014.74,52.0
HLA-DRB1*07:01,121,6,14,FTTMEKAGA,ESTGVFTTMEKAGAH,1018.08,52.07
HLA-DRB1*07:01,330,4,12,FRPDMASPD,QVFRPDMASPDQFRR,1022.14,52.18
HLA-DRB1*07:01,66,5,13,VYKPATQYL,VYKPATQYLGKNEQL,1022.52,52.2
HLA-DRB1*07:01,205,3,11,EITTLNHKL,EGEITTLNHKLQDAS,1038.36,52.620000000000005
HLA-DRB1*07:01,229,4,12,EITTLNHKL,EGEITTLNHKLQDAS,1038.36,52.620000000000005
HLA-DRB1*07:01,115,6,14,WDYAHQHGI,LSVWDYAHQHGIPDE,1038.68,52.63
HLA-DRB1*07:01,211,4,12,WDYAHQHGI,LSVWDYAHQHGIPDE,1038.68,52.63
HLA-DRB1*07:01,213,9,17,FSTASDNQP,SQIFSTASDNQPTVT,1045.01,52.800000000000004
HLA-DRB1*07:01,231,5,13,FKEAFSLFD,EFKEAFSLFDKDGDG,1053.69,53.0
HLA-DRB1*07:01,48,5,13,LWDADRSTL,KNYLWDADRSTLEIA,1056.44,53.07
HLA-DRB1*07:01,248,6,14,IKVDVRTGV,MVQRAIKVDVRTGVA,1059.33,53.17
HLA-DRB1*07:01,274,7,15,LQQASTPEL,GQVAPKLQQASTPEL,1062.79,53.25
HLA-DRB1*07:01,310,8,16,DVSTMVLGL,SFHSRPDVSTMVLGL,1073.26,53.550000000000004
HLA-DRB1*07:01,213,8,16,IFSTASDNQ,KKSQIFSTASDNQPT,1084.60,53.9
HLA-DRB1*07:01,352,7,15,LSKIAANDA,RLSKIAANDATDWLM,1093.19,54.11
HLA-DRB1*07:01,245,12,20,LRSWTAANT,ALNEDLRSWTAANTA,1093.76,54.11
HLA-DRB1*07:01,119,4,12,DYIALNEDL,DGKDYIALNEDLRSW,1098.36,54.17
HLA-DRB1*07:01,185,4,12,DYIALNEDL,DGKDYIALNEDLRSW,1098.36,54.17
HLA-DRB1*07:01,245,4,12,DYIALNEDL,DGKDYIALNEDLRSW,1098.36,54.17
HLA-DRB1*07:01,351,4,12,DYIALNEDL,DGKDYIALNEDLRSW,1098.36,54.17
HLA-DRB1*07:01,66,11,19,QYLGKNEQL,KPATQYLGKNEQLRL,1101.23,54.17
HLA-DRB1*07:01,244,2,10,QYTFINRDR,TQYTFINRDRKTTEN,1107.52,54.28
HLA-DRB1*07:01,366,9,17,SEYATNLTL,NAAADSEYATNLTLW,1107.65,54.28
HLA-DRB1*07:01,365,10,18,LRSWTAADT,LNENLRSWTAADTAA,1107.68,54.28
HLA-DRB1*07:01,56,3,11,WVVQGSFAT,WVVQGSFATVQDGGQ,1109.63,54.31
HLA-DRB1*07:01,168,4,12,FFSVRQADA,FFSVRQADAKRDQDS,1111.61,54.35
HLA-DRB1*07:01,328,1,9,FTAVPAGRK,FTAVPAGRKQAGSVV,1112.96,54.370000000000005
HLA-DRB1*07:01,115,6,14,WDYAHQHGI,NDLSVWDYAHQHGIP,1116.00,54.45
HLA-DRB1*07:01,97,4,12,TQRARYQWV,GYPTQRARYQWVRCN,1119.09,54.550000000000004
HLA-DRB1*07:01,342,6,14,TLSRQNLKY,DTLSRQNLKYMNLNE,1120.27,54.56
HLA-DRB1*07:01,354,5,13,WAAAATRDS,KAWAAAATRDSTRIN,1126.09,54.67
HLA-DRB1*07:01,241,5,13,IVGKYGTRY,KVGIVGKYGTRYGAS,1135.15,54.82
HLA-DRB1*07:01,59,7,15,VLRFNGAPT,IDDHDAVLRFNGAPT,1139.19,54.93
HLA-DRB1*07:01,275,7,15,VLRFNGAPT,IDDHDAVLRFNGAPT,1139.19,54.93
HLA-DRB1*07:01,321,7,15,VLRFNGAPT,IDDHDAVLRFNGAPT,1139.19,54.93
HLA-DRB1*07:01,115,6,14,WDYAHQHGI,DLSVWDYAHQHGIPD,1143.18,55.03
HLA-DRB1*07:01,48,4,12,YLWDADRST,AKNYLWDADRSTLEI,1144.12,55.03
HLA-DRB1*07:01,81,7,15,YQWVRCNPD,TQRARYQWVRCNPDS,1144.64,55.03
HLA-DRB1*07:01,97,9,17,YQWVRCNPD,TQRARYQWVRCNPDS,1144.64,55.03
HLA-DRB1*07:01,131,8,16,YQWVRCNPD,TQRARYQWVRCNPDS,1144.64,55.03
HLA-DRB1*07:01,352,7,15,LSKIAANDA,GYEDRLSKIAANDAT,1159.53,55.32
HLA-DRB1*07:01,81,7,15,YQWVRCNPD,RARYQWVRCNPDSNS,1169.20,55.52
HLA-DRB1*07:01,131,8,16,YQWVRCNPD,RARYQWVRCNPDSNS,1169.20,55.52
HLA-DRB1*07:01,147,5,13,YQWVRCNPD,RARYQWVRCNPDSNS,1169.20,55.52
HLA-DRB1*07:01,60,9,17,FQVGVPNDF,FQVGVPNDFQNGHAL,1170.16,55.52
HLA-DRB1*07:01,40,3,11,WEFQRPPVS,GQWEFQRPPVSSTVD,1173.61,55.59
HLA-DRB1*07:01,102,4,12,IKKDSIYPY,GDSIKKDSIYPYDYN,1178.66,55.72
HLA-DRB1*07:01,227,7,15,QQLDYGIYV,HPVLQRQQLDYGIYV,1185.90,55.86
HLA-DRB1*07:01,250,6,14,LHTNGVTRR,RQDRSLHTNGVTRRA,1188.85,55.94
HLA-DRB1*07:01,81,7,15,YQWVRCNPD,QRARYQWVRCNPDSN,1191.43,55.980000000000004
HLA-DRB1*07:01,97,9,17,YQWVRCNPD,QRARYQWVRCNPDSN,1191.43,55.980000000000004
HLA-DRB1*07:01,131,8,16,YQWVRCNPD,QRARYQWVRCNPDSN,1191.43,55.980000000000004
HLA-DRB1*07:01,147,5,13,YQWVRCNPD,QRARYQWVRCNPDSN,1191.43,55.980000000000004
HLA-DRB1*07:01,365,4,12,IALNENLRS,IALNENLRSWTAADT,1192.12,56.0
HLA-DRB1*07:01,352,7,15,LSKIAANDA,DRLSKIAANDATDWL,1192.51,56.01
HLA-DRB1*07:01,315,7,15,FVRFDSDAA,YVDDTQFVRFDSDAA,1195.28,56.01
HLA-DRB1*07:01,150,3,11,LIGQAGDRA,TLIGQAGDRAQYFHL,1197.58,56.09
HLA-DRB1*07:01,352,7,15,LSKIAANDA,YEDRLSKIAANDATD,1206.23,56.24
HLA-DRB1*07:01,102,4,12,IKKDSIYPY,SIKKDSIYPYDYNAI,1206.62,56.25
HLA-DRB1*07:01,241,5,13,IVGKYGTRY,KKVGIVGKYGTRYGA,1209.30,56.32
HLA-DRB1*07:01,214,4,12,FSSTPTTTV,FSSTPTTTVKDQVNP,1232.45,56.76
HLA-DRB1*07:01,97,4,12,TQRARYQWV,YPTQRARYQWVRCNP,1241.13,56.89
HLA-DRB1*07:01,131,3,11,TQRARYQWV,YPTQRARYQWVRCNP,1241.13,56.89
HLA-DRB1*07:01,342,6,14,TLSRQNLKY,TAADTLSRQNLKYMN,1251.71,57.04
HLA-DRB1*07:01,81,2,10,TQRARYQWV,PTQRARYQWVRCNPD,1263.54,57.34
HLA-DRB1*07:01,97,4,12,TQRARYQWV,PTQRARYQWVRCNPD,1263.54,57.34
HLA-DRB1*07:01,131,3,11,TQRARYQWV,PTQRARYQWVRCNPD,1263.54,57.34
HLA-DRB1*07:01,177,1,9,LYYTEFTPT,LYYTEFTPTEKDEYA,1270.80,57.44
HLA-DRB1*07:01,274,7,15,LQQASTPEL,KLQQASTPELAGEAK,1279.09,57.57
HLA-DRB1*07:01,213,6,14,SQIFSTASD,TKKSQIFSTASDNQP,1283.14,57.65
HLA-DRB1*07:01,324,4,12,VQLKGPQKL,VQLKGPQKLVKTYDE,1294.24,57.85
HLA-DRB1*07:01,12,6,14,ISGKEASLL,LENTQISGKEASLLD,1297.18,57.870000000000005
HLA-DRB1*07:01,205,3,11,EITTLNHKL,GEITTLNHKLQDASA,1298.97,57.92
HLA-DRB1*07:01,229,4,12,EITTLNHKL,GEITTLNHKLQDASA,1298.97,57.92
HLA-DRB1*07:01,292,3,11,FRDQNASPQ,VFRDQNASPQTFEAV,1300.88,57.980000000000004
HLA-DRB1*07:01,117,7,15,IHMNQIGFE,VPTIDIHMNQIGFER,1313.80,58.2
HLA-DRB1*07:01,73,7,15,VHWTRAGEV,YPGKIDVHWTRAGEV,1318.28,58.28
HLA-DRB1*07:01,39,11,19,WASVVVPSG,QKWASVVVPSGQEQR,1324.10,58.410000000000004
HLA-DRB1*07:01,123,12,20,WASVVVPSG,QKWASVVVPSGQEQR,1324.10,58.410000000000004
HLA-DRB1*07:01,108,7,15,EKAAYAMVV,ASATPSEKAAYAMVV,1324.49,58.410000000000004
HLA-DRB1*07:01,47,4,12,YIALNEDLR,DYIALNEDLRSWTAA,1335.88,58.6
HLA-DRB1*07:01,185,5,13,YIALNEDLR,DYIALNEDLRSWTAA,1335.88,58.6
HLA-DRB1*07:01,245,5,13,YIALNEDLR,DYIALNEDLRSWTAA,1335.88,58.6
HLA-DRB1*07:01,351,5,13,YIALNEDLR,DYIALNEDLRSWTAA,1335.88,58.6
HLA-DRB1*07:01,330,4,12,FRPDMASPD,VFRPDMASPDQFRRT,1347.96,58.800000000000004
HLA-DRB1*07:01,15,11,19,LRSWTAADT,NEDLRSWTAADTAAQ,1349.73,58.800000000000004
HLA-DRB1*07:01,245,12,20,LRSWTAANT,IALNEDLRSWTAANT,1365.26,59.09
HLA-DRB1*07:01,32,7,15,FTLNAQGTA,AIKDAEFTLNAQGTA,1375.96,59.230000000000004
HLA-DRB1*07:01,342,6,14,TLSRQNLKY,DTAADTLSRQNLKYM,1377.21,59.25
HLA-DRB1*07:01,150,3,11,LIGQAGDRA,GTLIGQAGDRAQYFH,1378.44,59.27
HLA-DRB1*07:01,1,7,15,RQAVDVSPL,AGTVRRQAVDVSPLR,1390.18,59.45
HLA-DRB1*07:01,303,8,16,RQAVDVSPL,AGTVRRQAVDVSPLR,1390.18,59.45
HLA-DRB1*07:01,40,3,11,WEFQRPPVS,QWEFQRPPVSSTVDG,1393.31,59.46
HLA-DRB1*07:01,12,6,14,ISGKEASLL,ENTQISGKEASLLDP,1418.33,59.96
HLA-DRB1*07:01,14,4,12,LSRGIGRKN,VGALSRGIGRKNHAL,1419.41,59.96
HLA-DRB1*07:01,230,10,18,ELEKTGELI,RLNELEKTGELIHAV,1421.82,60.02
HLA-DRB1*07:01,245,5,13,YIALNEDLR,YIALNEDLRSWTAAN,1426.57,60.08
HLA-DRB1*07:01,244,3,11,YTFINRDRK,QYTFINRDRKTTENQ,1429.01,60.08
HLA-DRB1*07:01,111,5,13,YVRFDSDVG,QEEYVRFDSDVGEYR,1443.22,60.300000000000004
HLA-DRB1*07:01,262,6,14,LSVLDKQLT,LGQLSVLDKQLTQQT,1445.91,60.33
HLA-DRB1*07:01,352,7,15,LSKIAANDA,LSKIAANDATDWLMA,1447.37,60.36
HLA-DRB1*07:01,164,4,12,TSTVGTEKL,SYPTSTVGTEKLITK,1447.46,60.36
HLA-DRB1*07:01,310,3,11,FHSRPDVST,GSFHSRPDVSTMVLG,1456.38,60.51
HLA-DRB1*07:01,351,12,20,LRSWTAADM,ALNEDLRSWTAADMA,1460.52,60.58
HLA-DRB1*07:01,30,7,15,PFVSSPFEQ,RADEPFVSSPFEQDR,1480.82,60.83
HLA-DRB1*07:01,138,6,14,KKPIIYIAL,KQDVPKKPIIYIALD,1481.54,60.83
HLA-DRB1*07:01,267,6,14,VRKMTLDRS,RHEVRKMTLDRSEYT,1489.31,60.95
HLA-DRB1*07:01,102,4,12,IKKDSIYPY,DSIKKDSIYPYDYNA,1490.13,60.980000000000004
HLA-DRB1*07:01,322,8,16,ANTNRDHFL,PDGANTNRDHFLAIA,1491.19,61.0
HLA-DRB1*07:01,252,5,13,VSATRGLVK,DVSATRGLVKGVVHD,1508.69,61.28
HLA-DRB1*07:01,365,10,18,LRSWTAADT,ALNENLRSWTAADTA,1524.67,61.52
HLA-DRB1*07:01,126,1,9,IRIKTDPLA,IRIKTDPLAQQRDCI,1531.00,61.6
HLA-DRB1*07:01,190,8,16,SVEVFGMAR,DNKSVEVFGMAREYN,1532.74,61.620000000000005
HLA-DRB1*07:01,82,7,15,VNQTCAYRS,PDSNAVNQTCAYRSP,1540.87,61.72
HLA-DRB1*07:01,48,5,13,LWDADRSTL,NYLWDADRSTLEIAD,1547.34,61.79
HLA-DRB1*07:01,128,8,16,HRAAVEFAL,LEPRDHRAAVEFALA,1550.69,61.85
HLA-DRB1*07:01,299,7,15,FDSNAASQR,RFDSNAASQRMEPRA,1551.16,61.85
HLA-DRB1*07:01,356,3,11,YVVLEKEKS,NFYVVLEKEKSDTSD,1556.29,61.9
HLA-DRB1*07:01,1,4,12,TVRRQAVDV,RAGTVRRQAVDVSPL,1566.95,62.07
HLA-DRB1*07:01,303,5,13,TVRRQAVDV,RAGTVRRQAVDVSPL,1566.95,62.07
HLA-DRB1*07:01,213,6,14,SQIFSTASD,PTKKSQIFSTASDNQ,1576.56,62.2
HLA-DRB1*07:01,81,7,15,YQWVRCNPD,ARYQWVRCNPDSNSA,1577.87,62.21
HLA-DRB1*07:01,131,8,16,YQWVRCNPD,ARYQWVRCNPDSNSA,1577.87,62.21
HLA-DRB1*07:01,190,6,14,NKSVEVFGM,HDNKSVEVFGMAREY,1585.20,62.34
HLA-DRB1*07:01,329,9,17,FDSDAASQR,VRFDSDAASQRMEPR,1588.44,62.39
HLA-DRB1*07:01,82,7,15,VNQTCAYRS,RPDSNAVNQTCAYRS,1588.67,62.39
HLA-DRB1*07:01,351,12,20,LRSWTAADM,IALNEDLRSWTAADM,1590.26,62.43
HLA-DRB1*07:01,265,7,15,WTAADTAAQ,SWTAADTAAQITQRK,1597.63,62.49
HLA-DRB1*07:01,353,7,15,WTAADTAAQ,SWTAADTAAQITQRK,1597.63,62.49
HLA-DRB1*07:01,224,2,10,YEIEWVRQN,EYEIEWVRQNRGFGP,1599.19,62.5
HLA-DRB1*07:01,164,4,12,TSTVGTEKL,YPTSTVGTEKLITKT,1615.53,62.72
HLA-DRB1*07:01,191,7,15,LRVQGNDHS,RRTLRVQGNDHSATR,1620.66,62.82
HLA-DRB1*07:01,221,7,15,LRVQGNDHS,RRTLRVQGNDHSATR,1620.66,62.82
HLA-DRB1*07:01,249,4,12,LRVQGNDHS,RRTLRVQGNDHSATR,1620.66,62.82
HLA-DRB1*07:01,361,6,14,LRVQGNDHS,RRTLRVQGNDHSATR,1620.66,62.82
HLA-DRB1*07:01,15,4,12,YIALNEDLR,YIALNEDLRSWTAAD,1625.58,62.85
HLA-DRB1*07:01,47,4,12,YIALNEDLR,YIALNEDLRSWTAAD,1625.58,62.85
HLA-DRB1*07:01,185,5,13,YIALNEDLR,YIALNEDLRSWTAAD,1625.58,62.85
HLA-DRB1*07:01,351,5,13,YIALNEDLR,YIALNEDLRSWTAAD,1625.58,62.85
HLA-DRB1*07:01,30,7,15,PFVSSPFEQ,ADEPFVSSPFEQDRD,1630.72,62.97
HLA-DRB1*07:01,117,4,12,TIDIHMNQI,NVPTIDIHMNQIGFE,1632.82,62.99
HLA-DRB1*07:01,352,7,15,LSKIAANDA,DGYEDRLSKIAANDA,1634.75,63.01
HLA-DRB1*07:01,304,5,13,DLGSVPQRV,RRGDLGSVPQRVAAV,1664.88,63.39
HLA-DRB1*07:01,246,12,20,YREIGDLDA,SLAYREIGDLDANWT,1676.87,63.57
HLA-DRB1*07:01,190,6,14,NKSVEVFGM,SHDNKSVEVFGMARE,1679.94,63.59
HLA-DRB1*07:01,78,9,17,IKKHQLNQF,TENIKKHQLNQFWEE,1679.96,63.59
HLA-DRB1*07:01,90,5,13,EVKLEGHSL,LQEVKLEGHSLEDSL,1685.95,63.61
HLA-DRB1*07:01,286,13,21,LTFLFDGRA,GPARGDLTFLFDGRA,1692.18,63.7
HLA-DRB1*07:01,35,5,13,FLHQDIDSG,GPLKFLHQDIDSGQG,1693.55,63.72
HLA-DRB1*07:01,226,8,16,VRPESGYRH,SFTVRPESGYRHSGY,1699.37,63.76
HLA-DRB1*07:01,70,4,12,LDVPEAIGI,NANLDVPEAIGIINT,1700.92,63.79
HLA-DRB1*07:01,78,9,17,IKKHQLNQF,QTENIKKHQLNQFWE,1704.88,63.86
HLA-DRB1*07:01,246,5,13,AQNASLAYR,KTADAQNASLAYREI,1713.92,63.96
HLA-DRB1*07:01,366,9,17,SEYATNLTL,INAAADSEYATNLTL,1713.98,63.96
HLA-DRB1*07:01,138,6,14,KKPIIYIAL,QDVPKKPIIYIALDD,1720.48,64.09
HLA-DRB1*07:01,205,3,11,EITTLNHKL,EITTLNHKLQDASAE,1728.69,64.15
HLA-DRB1*07:01,229,4,12,EITTLNHKL,EITTLNHKLQDASAE,1728.69,64.15
HLA-DRB1*07:01,30,7,15,PFVSSPFEQ,DEPFVSSPFEQDRDA,1739.06,64.22
HLA-DRB1*07:01,212,2,10,YEDHQHALI,GYEDHQHALIPVDSW,1740.25,64.26
HLA-DRB1*07:01,138,6,14,KKPIIYIAL,DVPKKPIIYIALDDQ,1752.80,64.4
HLA-DRB1*07:01,224,2,10,YEIEWVRQN,YEIEWVRQNRGFGPS,1762.17,64.55
HLA-DRB1*07:01,261,9,17,LDKLTVTSQ,YQQQGRLDKLTVTSQ,1774.74,64.67
HLA-DRB1*07:01,267,6,14,VRKMTLDRS,HEVRKMTLDRSEYTS,1777.13,64.68
HLA-DRB1*07:01,10,4,12,YVEVDNNFD,YGRYVEVDNNFDWSL,1777.65,64.69
HLA-DRB1*07:01,205,10,18,KLQDASAEV,LNHKLQDASAEVERL,1777.97,64.69
HLA-DRB1*07:01,304,6,14,LGSVPQRVA,RGDLGSVPQRVAAVT,1778.82,64.73
HLA-DRB1*07:01,17,10,18,LYQTIEENI,DAPAALYQTIEENIK,1782.81,64.78
HLA-DRB1*07:01,252,5,13,VSATRGLVK,VSATRGLVKGVVHDE,1787.66,64.82000000000001
HLA-DRB1*07:01,246,12,20,YREIGDLDA,ASLAYREIGDLDANW,1799.47,64.93
HLA-DRB1*07:01,15,11,19,LRSWTAADT,LNEDLRSWTAADTAA,1802.88,64.97
HLA-DRB1*07:01,66,11,19,QYLGKNEQL,YKPATQYLGKNEQLR,1804.02,65.0
HLA-DRB1*07:01,213,3,11,TKKSQIFST,VPTKKSQIFSTASDN,1809.84,65.05
HLA-DRB1*07:01,30,7,15,PFVSSPFEQ,RRADEPFVSSPFEQD,1822.48,65.17
HLA-DRB1*07:01,190,6,14,NKSVEVFGM,DSHDNKSVEVFGMAR,1823.05,65.18
HLA-DRB1*07:01,191,6,14,TLRVQGNDH,GRRTLRVQGNDHSAT,1831.33,65.26
HLA-DRB1*07:01,221,6,14,TLRVQGNDH,GRRTLRVQGNDHSAT,1831.33,65.26
HLA-DRB1*07:01,359,5,13,TLRVQGNDH,GRRTLRVQGNDHSAT,1831.33,65.26
HLA-DRB1*07:01,361,5,13,TLRVQGNDH,GRRTLRVQGNDHSAT,1831.33,65.26
HLA-DRB1*07:01,90,5,13,EVKLEGHSL,PLQEVKLEGHSLEDS,1835.68,65.31
HLA-DRB1*07:01,140,3,11,TEQLPIELF,GTTEQLPIELFQANK,1841.29,65.38
HLA-DRB1*07:01,266,7,15,WSQKNTADL,QTAWSQKNTADLANR,1868.32,65.75
HLA-DRB1*07:01,262,6,14,LSVLDKQLT,QLSVLDKQLTQQTYN,1872.22,65.82000000000001
HLA-DRB1*07:01,262,6,14,LSVLDKQLT,GQLSVLDKQLTQQTY,1880.08,65.94
HLA-DRB1*07:01,232,7,15,FFEQDKFGA,EIAFFEQDKFGADSK,1884.15,65.98
HLA-DRB1*07:01,246,5,13,AQNASLAYR,TADAQNASLAYREIG,1888.56,66.01
HLA-DRB1*07:01,286,13,21,LTFLFDGRA,PARGDLTFLFDGRAD,1894.15,66.11
HLA-DRB1*07:01,78,9,17,IKKHQLNQF,DQTENIKKHQLNQFW,1899.46,66.2
HLA-DRB1*07:01,261,2,10,LYQQQGRLD,LYQQQGRLDKLTVTS,1913.59,66.39
HLA-DRB1*07:01,226,8,16,VRPESGYRH,AGSFTVRPESGYRHS,1924.43,66.49
HLA-DRB1*07:01,11,7,15,IQALDSEGN,PLELKIQALDSEGNT,1935.14,66.56
HLA-DRB1*07:01,131,8,16,YQWVRCNPD,RYQWVRCNPDSNSAN,1938.06,66.59
HLA-DRB1*07:01,167,8,16,FDSDAASQK,VRFDSDAASQKMEPR,1958.40,66.83
HLA-DRB1*07:01,136,3,11,FQHEAFGGA,LEFQHEAFGGAFSRE,1965.79,66.88
HLA-DRB1*07:01,205,11,19,LQDASAEVE,NHKLQDASAEVERLR,1978.31,67.0
HLA-DRB1*07:01,354,5,13,WAAAATRDS,AWAAAATRDSTRINW,1984.33,67.05
HLA-DRB1*07:01,11,2,10,PLELKIQAL,SPLELKIQALDSEGN,1996.93,67.22
HLA-DRB1*07:01,279,2,10,PLELKIQAL,SPLELKIQALDSEGN,1996.93,67.22
HLA-DRB1*07:01,307,4,12,PLELKIQAL,SPLELKIQALDSEGN,1996.93,67.22
HLA-DRB1*07:01,7,6,14,YEQVKNVAD,RADDYEQVKNVADYY,2002.24,67.27
HLA-DRB1*07:01,30,8,16,FVSSPFEQD,EPFVSSPFEQDRDAA,2015.65,67.39
HLA-DRB1*07:01,99,2,10,YFRNQKGHS,YFRNQKGHSGLQPTG,2031.32,67.59
HLA-DRB1*07:01,70,4,12,LDVPEAIGI,ANLDVPEAIGIINTK,2035.50,67.63
HLA-DRB1*07:01,48,5,13,LWDADRSTL,YLWDADRSTLEIADG,2036.82,67.64
HLA-DRB1*07:01,132,6,14,RSYTQNRAV,NNRAPRSYTQNRAVD,2041.28,67.71000000000001
HLA-DRB1*07:01,327,8,16,TFQKWAAVV,RPAGNGTFQKWAAVV,2054.11,67.88
HLA-DRB1*07:01,72,2,10,FGERSSMTV,FGERSSMTVRRPGPR,2058.85,67.95
HLA-DRB1*07:01,267,6,14,VRKMTLDRS,NRHEVRKMTLDRSEY,2059.25,67.95
HLA-DRB1*07:01,226,8,16,VRPESGYRH,GSFTVRPESGYRHSG,2064.58,68.05
HLA-DRB1*07:01,142,9,17,VVQGDDAAV,KRAKVVQGDDAAVMV,2081.99,68.14
HLA-DRB1*07:01,53,5,13,LKSQDLELS,EQQRLKSQDLELSWN,2089.16,68.2
HLA-DRB1*07:01,143,6,14,SRYISPDQL,DDPSRYISPDQLADL,2089.26,68.2
HLA-DRB1*07:01,246,12,20,YREIGDLDA,NASLAYREIGDLDAN,2090.79,68.2
HLA-DRB1*07:01,261,9,17,LDKLTVTSQ,QQQGRLDKLTVTSQN,2099.63,68.26
HLA-DRB1*07:01,106,1,9,ITTDSAKDV,ITTDSAKDVLLKKKE,2106.78,68.36
HLA-DRB1*07:01,30,7,15,PFVSSPFEQ,TRRADEPFVSSPFEQ,2124.96,68.58
HLA-DRB1*07:01,224,6,14,WVRQNRGFG,EIEWVRQNRGFGPSK,2127.90,68.64
HLA-DRB1*07:01,89,11,19,LQELDTSSG,EPLSLQELDTSSGVL,2131.96,68.68
HLA-DRB1*07:01,127,6,14,LRAVPTDEA,RHLRAVPTDEARAFA,2134.45,68.72
HLA-DRB1*07:01,78,9,17,IKKHQLNQF,ENIKKHQLNQFWEEE,2151.00,68.87
HLA-DRB1*07:01,60,3,11,TDAIDAFQV,RDTDAIDAFQVGVPN,2153.29,68.91
HLA-DRB1*07:01,29,7,15,FDSDAASPR,VRFDSDAASPREEPR,2154.82,68.92
HLA-DRB1*07:01,315,10,18,FDSDAASPR,VRFDSDAASPREEPR,2154.82,68.92
HLA-DRB1*07:01,317,8,16,FDSDAASPR,VRFDSDAASPREEPR,2154.82,68.92
HLA-DRB1*07:01,316,10,18,FDQVDPTDA,EVRFDQVDPTDARRE,2157.97,68.99
HLA-DRB1*07:01,92,11,19,FRDDGARVS,STFAPFRDDGARVSR,2166.49,69.05
HLA-DRB1*07:01,91,8,16,FDSDAASPR,VRFDSDAASPRGEPR,2167.31,69.06
HLA-DRB1*07:01,266,7,15,WSQKNTADL,WSQKNTADLANRWRA,2171.23,69.12
HLA-DRB1*07:01,307,4,12,PLELKIQAL,EDSPLELKIQALDSE,2184.85,69.18
HLA-DRB1*07:01,190,6,14,NKSVEVFGM,LDSHDNKSVEVFGMA,2186.13,69.2
HLA-DRB1*07:01,251,8,16,ELVDSVLDV,EGAELVDSVLDVVRK,2187.59,69.2
HLA-DRB1*07:01,93,6,14,YVPWVTVNG,QPPHEYVPWVTVNGK,2194.07,69.24
HLA-DRB1*07:01,262,6,14,LSVLDKQLT,LSVLDKQLTQQTYNQ,2198.20,69.26
HLA-DRB1*07:01,265,8,16,TAADTAAQI,WTAADTAAQITQRKW,2210.67,69.39
HLA-DRB1*07:01,353,8,16,TAADTAAQI,WTAADTAAQITQRKW,2210.67,69.39
HLA-DRB1*07:01,246,12,20,YREIGDLDA,QNASLAYREIGDLDA,2239.23,69.67
HLA-DRB1*07:01,93,6,14,YVPWVTVNG,PPHEYVPWVTVNGKP,2253.83,69.79
HLA-DRB1*07:01,226,8,16,VRPESGYRH,RAGSFTVRPESGYRH,2270.87,69.94
HLA-DRB1*07:01,84,6,14,QQDRVPATL,NANQQDRVPATLHFF,2272.37,69.94
HLA-DRB1*07:01,266,7,15,WSQKNTADL,TAWSQKNTADLANRW,2276.04,69.98
HLA-DRB1*07:01,318,12,20,PRVTDSRRF,EAEPPRVTDSRRFAF,2288.58,70.12
HLA-DRB1*07:01,282,6,14,YENNVDERI,IIHGYENNVDERICR,2288.63,70.12
HLA-DRB1*07:01,260,4,12,IGTPRPIPF,SNRIGTPRPIPFPSR,2288.68,70.12
HLA-DRB1*07:01,124,7,15,FKPRVSVGW,SGGFKPRVSVGWTEQ,2297.06,70.16
HLA-DRB1*07:01,7,6,14,YEQVKNVAD,ADDYEQVKNVADYYP,2298.46,70.18
HLA-DRB1*07:01,15,5,13,IALNEDLRS,IALNEDLRSWTAADT,2299.73,70.21000000000001
HLA-DRB1*07:01,232,7,15,FFEQDKFGA,DEIAFFEQDKFGADS,2300.27,70.21000000000001
HLA-DRB1*07:01,347,4,12,LYVEKIDVG,ADSLYVEKIDVGEAE,2305.53,70.28
HLA-DRB1*07:01,307,4,12,PLELKIQAL,DSPLELKIQALDSEG,2306.93,70.3
HLA-DRB1*07:01,258,1,9,FDSVTPDRF,FDSVTPDRFQDADVA,2322.30,70.44
HLA-DRB1*07:01,74,7,15,IVTVWGKPE,QDRAGIVTVWGKPEH,2327.81,70.48
HLA-DRB1*07:01,90,6,14,VKLEGHSLE,EVKLEGHSLEDSLTL,2357.57,70.81
HLA-DRB1*07:01,15,11,19,LRSWTAADT,ALNEDLRSWTAADTA,2359.61,70.82000000000001
HLA-DRB1*07:01,90,11,19,HSLEDSLTL,KLEGHSLEDSLTLTS,2364.01,70.9
HLA-DRB1*07:01,221,7,15,LRVQGNDHS,RTLRVQGNDHSATRE,2370.67,70.96000000000001
HLA-DRB1*07:01,361,6,14,LRVQGNDHS,RTLRVQGNDHSATRE,2370.67,70.96000000000001
HLA-DRB1*07:01,8,2,10,KREEAAYVV,DKREEAAYVVPQYDN,2382.39,71.11
HLA-DRB1*07:01,90,5,13,EVKLEGHSL,DPLQEVKLEGHSLED,2396.66,71.28
HLA-DRB1*07:01,284,5,13,YGQTIPPEA,RKARYGQTIPPEAED,2398.69,71.3
HLA-DRB1*07:01,266,7,15,WSQKNTADL,AWSQKNTADLANRWR,2405.91,71.33
HLA-DRB1*07:01,282,6,14,YENNVDERI,PIIHGYENNVDERIC,2411.73,71.38
HLA-DRB1*07:01,316,10,18,FDQVDPTDA,DEVRFDQVDPTDARR,2413.14,71.39
HLA-DRB1*07:01,226,8,16,VRPESGYRH,FTVRPESGYRHSGYM,2419.83,71.42
HLA-DRB1*07:01,246,7,15,NASLAYREI,DAQNASLAYREIGDL,2421.14,71.43
HLA-DRB1*07:01,322,8,16,ANTNRDHFL,DPDGANTNRDHFLAI,2427.46,71.48
HLA-DRB1*07:01,266,11,19,NTADLANRW,SQKNTADLANRWRAT,2442.21,71.66
HLA-DRB1*07:01,8,2,10,KREEAAYVV,KREEAAYVVPQYDND,2445.73,71.68
HLA-DRB1*07:01,111,5,13,YVRFDSDVG,NQEEYVRFDSDVGEY,2459.05,71.83
HLA-DRB1*07:01,128,8,16,HRAAVEFAL,TLEPRDHRAAVEFAL,2459.85,71.83
HLA-DRB1*07:01,230,10,18,ELEKTGELI,ERLNELEKTGELIHA,2473.46,71.9
HLA-DRB1*07:01,326,11,19,LVAKPDYPI,DSEIDLVAKPDYPIE,2496.74,72.03
HLA-DRB1*07:01,92,8,16,FAPFRDDGA,PSTFAPFRDDGARVS,2507.74,72.09
HLA-DRB1*07:01,338,12,20,KKAGDALDL,LEKKKAGDALDLKKL,2512.49,72.11
HLA-DRB1*07:01,246,5,13,AQNASLAYR,ADAQNASLAYREIGD,2518.12,72.16
HLA-DRB1*07:01,17,10,18,LYQTIEENI,ADAPAALYQTIEENI,2519.02,72.16
HLA-DRB1*07:01,205,4,12,ITTLNHKLQ,ITTLNHKLQDASAEV,2530.03,72.27
HLA-DRB1*07:01,229,5,13,ITTLNHKLQ,ITTLNHKLQDASAEV,2530.03,72.27
HLA-DRB1*07:01,136,3,11,FQHEAFGGA,EFQHEAFGGAFSREG,2531.10,72.28
HLA-DRB1*07:01,267,6,14,VRKMTLDRS,TNRHEVRKMTLDRSE,2542.10,72.38
HLA-DRB1*07:01,251,2,10,HYTEGAELV,HYTEGAELVDSVLDV,2561.82,72.49
HLA-DRB1*07:01,246,5,13,AQNASLAYR,AQNASLAYREIGDLD,2565.53,72.53
HLA-DRB1*07:01,251,8,16,ELVDSVLDV,TEGAELVDSVLDVVR,2566.40,72.56
HLA-DRB1*07:01,134,4,12,TQLRTNKSY,AVATQLRTNKSYEDN,2571.51,72.57000000000001
HLA-DRB1*07:01,124,7,15,FKPRVSVGW,GGFKPRVSVGWTEQA,2572.85,72.57000000000001
HLA-DRB1*07:01,16,10,18,IENAQATGK,LSIENAQATGKDATR,2573.79,72.57000000000001
HLA-DRB1*07:01,74,7,15,IVTVWGKPE,YQDRAGIVTVWGKPE,2581.94,72.63
HLA-DRB1*07:01,124,7,15,FKPRVSVGW,VQSGGFKPRVSVGWT,2591.59,72.66
HLA-DRB1*07:01,89,3,11,KHLEEPLSL,DTKHLEEPLSLQELD,2593.05,72.67
HLA-DRB1*07:01,60,3,11,TDAIDAFQV,DTDAIDAFQVGVPND,2602.52,72.74
HLA-DRB1*07:01,304,5,13,DLGSVPQRV,RRRGDLGSVPQRVAA,2610.62,72.81
HLA-DRB1*07:01,251,2,10,HYTEGAELV,GHYTEGAELVDSVLD,2621.83,72.9
HLA-DRB1*07:01,266,7,15,WSQKNTADL,EQTAWSQKNTADLAN,2622.42,72.9
HLA-DRB1*07:01,329,9,17,FDSDAASQR,RFDSDAASQRMEPRA,2624.92,72.92
HLA-DRB1*07:01,124,7,15,FKPRVSVGW,QSGGFKPRVSVGWTE,2632.66,73.0
HLA-DRB1*07:01,90,6,14,VKLEGHSLE,QEVKLEGHSLEDSLT,2639.22,73.05
HLA-DRB1*07:01,205,10,18,KLQDASAEV,TLNHKLQDASAEVER,2648.66,73.14
HLA-DRB1*07:01,229,11,19,KLQDASAEV,TLNHKLQDASAEVER,2648.66,73.14
HLA-DRB1*07:01,232,7,15,FFEQDKFGA,LGDEIAFFEQDKFGA,2675.79,73.39
HLA-DRB1*07:01,223,4,12,SIEVRWFRN,YPGSIEVRWFRNGQE,2678.83,73.4
HLA-DRB1*07:01,316,10,18,FDQVDPTDA,VRFDQVDPTDARRES,2697.13,73.60000000000001
HLA-DRB1*07:01,354,5,13,WAAAATRDS,WAAAATRDSTRINWQ,2728.18,73.84
HLA-DRB1*07:01,78,9,17,IKKHQLNQF,ADQTENIKKHQLNQF,2755.26,74.03
HLA-DRB1*07:01,116,8,16,IWQDEHYAL,PVHDNIWQDEHYALD,2759.11,74.07000000000001
HLA-DRB1*07:01,39,7,15,TFQKWASVV,RPAGDGTFQKWASVV,2764.43,74.12
HLA-DRB1*07:01,123,8,16,TFQKWASVV,RPAGDGTFQKWASVV,2764.43,74.12
HLA-DRB1*07:01,171,7,15,TFQKWASVV,RPAGDGTFQKWASVV,2764.43,74.12
HLA-DRB1*07:01,146,5,13,KLGHKHSVA,PTEKKLGHKHSVAKK,2765.84,74.14
HLA-DRB1*07:01,182,9,17,PQIVQTANF,ASDNAKPQIVQTANF,2774.68,74.23
HLA-DRB1*07:01,191,6,14,TLRVQGNDH,DGRRTLRVQGNDHSA,2776.51,74.23
HLA-DRB1*07:01,221,6,14,TLRVQGNDH,DGRRTLRVQGNDHSA,2776.51,74.23
HLA-DRB1*07:01,359,5,13,TLRVQGNDH,DGRRTLRVQGNDHSA,2776.51,74.23
HLA-DRB1*07:01,361,5,13,TLRVQGNDH,DGRRTLRVQGNDHSA,2776.51,74.23
HLA-DRB1*07:01,89,3,11,KHLEEPLSL,TKHLEEPLSLQELDT,2777.02,74.23
HLA-DRB1*07:01,232,7,15,FFEQDKFGA,GDEIAFFEQDKFGAD,2785.72,74.3
HLA-DRB1*07:01,338,12,20,KKAGDALDL,KKKAGDALDLKKLGV,2788.28,74.32000000000001
HLA-DRB1*07:01,90,11,19,HSLEDSLTL,VKLEGHSLEDSLTLT,2792.33,74.34
HLA-DRB1*07:01,326,11,19,LVAKPDYPI,DDSEIDLVAKPDYPI,2813.49,74.48
HLA-DRB1*07:01,40,3,11,WEFQRPPVS,WEFQRPPVSSTVDGG,2841.55,74.66
HLA-DRB1*07:01,124,7,15,FKPRVSVGW,GFKPRVSVGWTEQAQ,2848.04,74.69
HLA-DRB1*07:01,350,2,10,IRRSQSTEP,NIRRSQSTEPTKMRD,2871.12,74.82000000000001
HLA-DRB1*07:01,234,5,13,YEGTKRANG,HVEIYEGTKRANGNL,2877.25,74.83
HLA-DRB1*07:01,286,9,17,ARGDLTFLF,AGPARGDLTFLFDGR,2883.51,74.9
HLA-DRB1*07:01,124,7,15,FKPRVSVGW,RVQSGGFKPRVSVGW,2885.36,74.92
HLA-DRB1*07:01,349,4,12,ITNQMTDSS,RKRITNQMTDSSRER,2904.43,75.04
HLA-DRB1*07:01,30,7,15,PFVSSPFEQ,PFVSSPFEQDRDAAP,2906.76,75.04
HLA-DRB1*07:01,157,5,13,VRWFRNGQE,SIEVRWFRNGQEEKT,2911.73,75.06
HLA-DRB1*07:01,7,6,14,YEQVKNVAD,DDYEQVKNVADYYPE,2913.24,75.06
HLA-DRB1*07:01,116,8,16,IWQDEHYAL,SPVHDNIWQDEHYAL,2921.54,75.13
HLA-DRB1*07:01,205,8,16,NHKLQDASA,TTLNHKLQDASAEVE,2946.18,75.33
HLA-DRB1*07:01,229,9,17,NHKLQDASA,TTLNHKLQDASAEVE,2946.18,75.33
HLA-DRB1*07:01,316,10,18,FDQVDPTDA,YDEVRFDQVDPTDAR,2955.79,75.38
HLA-DRB1*07:01,134,4,12,TQLRTNKSY,VATQLRTNKSYEDNM,2967.77,75.46000000000001
HLA-DRB1*07:01,142,7,15,AKVVQGDDA,TKRAKVVQGDDAAVM,2973.17,75.5
HLA-DRB1*07:01,56,5,13,VQGSFATVQ,VVQGSFATVQDGGQE,2991.47,75.63
HLA-DRB1*07:01,75,6,14,IMIQKHDGI,SDNGNIMIQKHDGIT,3013.69,75.72
HLA-DRB1*07:01,157,5,13,VRWFRNGQE,GSIEVRWFRNGQEEK,3027.81,75.81
HLA-DRB1*07:01,223,7,15,VRWFRNGQE,GSIEVRWFRNGQEEK,3027.81,75.81
HLA-DRB1*07:01,266,7,15,WSQKNTADL,EEQTAWSQKNTADLA,3046.80,75.87
HLA-DRB1*07:01,18,5,13,IDPAYAAAN,EEQSIDPAYAAANTK,3047.53,75.87
HLA-DRB1*07:01,350,5,13,SQSTEPTKM,IRRSQSTEPTKMRDI,3055.06,75.92
HLA-DRB1*07:01,148,5,13,CSNRRWYPA,QDVCSNRRWYPAQNR,3074.62,76.05
HLA-DRB1*07:01,226,8,16,VRPESGYRH,TVRPESGYRHSGYMP,3084.85,76.12
HLA-DRB1*07:01,281,6,14,PEIHENYRI,VCDIRPEIHENYRIN,3105.92,76.25
HLA-DRB1*07:01,223,4,12,SIEVRWFRN,PGSIEVRWFRNGQEE,3124.66,76.33
HLA-DRB1*07:01,172,10,18,WAQRAGTSV,PGPGWAQRAGTSVDV,3131.97,76.37
HLA-DRB1*07:01,8,6,14,AAYVVPQYD,REEAAYVVPQYDNDA,3149.61,76.51
HLA-DRB1*07:01,286,9,17,ARGDLTFLF,DVRAGPARGDLTFLF,3174.48,76.7
HLA-DRB1*07:01,255,4,12,TLSDYNIQK,NGRTLSDYNIQKEST,3177.98,76.7
HLA-DRB1*07:01,8,7,15,AYVVPQYDN,EEAAYVVPQYDNDAY,3183.25,76.76
HLA-DRB1*07:01,319,11,19,VKDVLDSVL,KGAVHDVKDVLDSVL,3187.04,76.76
HLA-DRB1*07:01,127,6,14,LRAVPTDEA,HLRAVPTDEARAFAE,3187.32,76.76
HLA-DRB1*07:01,276,8,16,TDGQAVFAL,NPHTDGQAVFALDNA,3194.12,76.79
HLA-DRB1*07:01,99,9,17,HSGLQPTGF,NQKGHSGLQPTGFLS,3205.61,76.85000000000001
HLA-DRB1*07:01,286,9,17,ARGDLTFLF,RAGPARGDLTFLFDG,3207.52,76.85000000000001
HLA-DRB1*07:01,154,6,14,KGSYGTRSL,VSREKGSYGTRSLSN,3217.01,76.89
HLA-DRB1*07:01,101,8,16,IDSDASYPY,IDNKGIDSDASYPYK,3235.58,77.08
HLA-DRB1*07:01,260,4,12,IGTPRPIPF,NRIGTPRPIPFPSRA,3250.84,77.16
HLA-DRB1*07:01,251,8,16,ELVDSVLDV,YTEGAELVDSVLDVV,3251.69,77.16
HLA-DRB1*07:01,292,3,11,FRDQNASPQ,FRDQNASPQTFEAVD,3270.03,77.28
HLA-DRB1*07:01,328,7,15,GRKQAGSVV,VPAGRKQAGSVVWTN,3280.52,77.33
HLA-DRB1*07:01,338,17,25,ALDLKKLGV,KKAGDALDLKKLGVD,3281.06,77.33
HLA-DRB1*07:01,347,4,12,LYVEKIDVG,SLYVEKIDVGEAEPR,3283.68,77.37
HLA-DRB1*07:01,366,3,11,INAAADSEY,QAINAAADSEYATNL,3302.78,77.54
HLA-DRB1*07:01,286,9,17,ARGDLTFLF,VRAGPARGDLTFLFD,3307.04,77.56
HLA-DRB1*07:01,265,8,16,TAADTAAQI,TAADTAAQITQRKWE,3334.06,77.7
HLA-DRB1*07:01,353,8,16,TAADTAAQI,TAADTAAQITQRKWE,3334.06,77.7
HLA-DRB1*07:01,230,10,18,ELEKTGELI,AERLNELEKTGELIH,3334.20,77.7
HLA-DRB1*07:01,64,5,13,FVGKKGDAQ,PADFVGKKGDAQKLL,3354.32,77.77
HLA-DRB1*07:01,37,4,12,YERMKTEAE,MREYERMKTEAESNS,3370.07,77.85000000000001
HLA-DRB1*07:01,182,4,12,SDNAKPQIV,AVASDNAKPQIVQTA,3373.61,77.89
HLA-DRB1*07:01,303,5,13,TVRRQAVDV,GRAGTVRRQAVDVSP,3379.42,77.91
HLA-DRB1*07:01,124,11,19,VSVGWTEQA,FKPRVSVGWTEQAQP,3402.09,78.05
HLA-DRB1*07:01,330,4,12,FRPDMASPD,FRPDMASPDQFRRTD,3413.30,78.08
HLA-DRB1*07:01,347,4,12,LYVEKIDVG,DSLYVEKIDVGEAEP,3423.14,78.18
HLA-DRB1*07:01,272,1,9,LAKESGVDA,LAKESGVDATLEHFY,3436.68,78.25
HLA-DRB1*07:01,299,7,15,FDSNAASQR,FDSNAASQRMEPRAP,3453.34,78.36
HLA-DRB1*07:01,334,1,9,FQDASNDTS,FQDASNDTSFVRAQD,3463.26,78.41
HLA-DRB1*07:01,7,5,13,DYEQVKNVA,ARADDYEQVKNVADY,3471.14,78.47
HLA-DRB1*07:01,98,5,13,VNYTDPRRP,ARNVNYTDPRRPWQG,3478.36,78.49
HLA-DRB1*07:01,89,3,11,KHLEEPLSL,KHLEEPLSLQELDTS,3489.48,78.54
HLA-DRB1*07:01,154,6,14,KGSYGTRSL,IVSREKGSYGTRSLS,3530.64,78.69
HLA-DRB1*07:01,98,5,13,VNYTDPRRP,QARNVNYTDPRRPWQ,3555.60,78.83
HLA-DRB1*07:01,266,7,15,WSQKNTADL,IEEQTAWSQKNTADL,3583.25,78.98
HLA-DRB1*07:01,338,12,20,KKAGDALDL,EKKKAGDALDLKKLG,3614.48,79.16
HLA-DRB1*07:01,54,4,12,NQKQDLSQL,LEENQKQDLSQLSWR,3619.76,79.17
HLA-DRB1*07:01,366,3,11,INAAADSEY,AINAAADSEYATNLT,3626.51,79.21000000000001
HLA-DRB1*07:01,29,7,15,FDSDAASPR,RFDSDAASPREEPRA,3649.49,79.29
HLA-DRB1*07:01,317,8,16,FDSDAASPR,RFDSDAASPREEPRA,3649.49,79.29
HLA-DRB1*07:01,157,5,13,VRWFRNGQE,IEVRWFRNGQEEKTG,3672.47,79.49
HLA-DRB1*07:01,125,10,18,QLDRQIKAI,PRIDTQQLDRQIKAI,3697.23,79.65
HLA-DRB1*07:01,142,2,10,VRTKRAKVV,VRTKRAKVVQGDDAA,3712.98,79.74
HLA-DRB1*07:01,148,4,12,VCSNRRWYP,SQDVCSNRRWYPAQN,3731.95,79.85000000000001
HLA-DRB1*07:01,101,8,16,IDSDASYPY,IIDNKGIDSDASYPY,3751.22,79.95
HLA-DRB1*07:01,328,7,15,GRKQAGSVV,AVPAGRKQAGSVVWT,3760.57,80.01
HLA-DRB1*07:01,338,12,20,KKAGDALDL,ELEKKKAGDALDLKK,3775.45,80.09
HLA-DRB1*07:01,281,6,14,PEIHENYRI,CDIRPEIHENYRING,3777.33,80.09
HLA-DRB1*07:01,64,5,13,FVGKKGDAQ,ADFVGKKGDAQKLLP,3781.21,80.09
HLA-DRB1*07:01,17,3,11,SADAPAALY,EPSADAPAALYQTIE,3797.24,80.18
HLA-DRB1*07:01,328,8,16,RKQAGSVVW,PAGRKQAGSVVWTNG,3837.39,80.38
HLA-DRB1*07:01,316,10,18,FDQVDPTDA,AYDEVRFDQVDPTDA,3845.29,80.44
HLA-DRB1*07:01,77,4,12,NWLDKNQTA,EIINWLDKNQTAEKE,3846.29,80.45
HLA-DRB1*07:01,226,6,14,FTVRPESGY,RRAGSFTVRPESGYR,3850.78,80.47
HLA-DRB1*07:01,276,8,16,TDGQAVFAL,DNPHTDGQAVFALDN,3910.57,80.77
HLA-DRB1*07:01,316,1,9,FSPAYDEVR,FSPAYDEVRFDQVDP,3958.51,80.95
HLA-DRB1*07:01,353,12,20,TAAQITQRK,AADTAAQITQRKWEA,3965.84,80.98
HLA-DRB1*07:01,134,6,14,LRTNKSYED,ATQLRTNKSYEDNMD,3977.14,80.99
HLA-DRB1*07:01,194,7,15,AIAELSSAR,GPPDVPAIAELSSAR,3979.72,81.0
HLA-DRB1*07:01,84,6,14,QQDRVPATL,ANANQQDRVPATLHF,3980.07,81.0
HLA-DRB1*07:01,36,5,13,ILGGLHDGQ,PDQKILGGLHDGQFS,3986.32,81.02
HLA-DRB1*07:01,286,4,12,VRAGPARGD,LHDVRAGPARGDLTF,4019.14,81.15
HLA-DRB1*07:01,143,6,14,SRYISPDQL,PDDPSRYISPDQLAD,4040.07,81.21000000000001
HLA-DRB1*07:01,314,5,13,FDVAEDPTS,QPRFDVAEDPTSNRF,4048.60,81.31
HLA-DRB1*07:01,77,4,12,NWLDKNQTA,IINWLDKNQTAEKEE,4099.83,81.52
HLA-DRB1*07:01,89,11,19,LQELDTSSG,EEPLSLQELDTSSGV,4110.22,81.56
HLA-DRB1*07:01,17,3,11,SADAPAALY,PSADAPAALYQTIEE,4117.21,81.58
HLA-DRB1*07:01,122,7,15,ETAATGEFV,STKHGMETAATGEFV,4133.14,81.71000000000001
HLA-DRB1*07:01,94,4,12,YHPENGVLP,WTPYHPENGVLPDKE,4147.93,81.74
HLA-DRB1*07:01,353,13,21,AAQITQRKW,ADTAAQITQRKWEAA,4149.50,81.74
HLA-DRB1*07:01,191,6,14,TLRVQGNDH,DDGRRTLRVQGNDHS,4149.54,81.74
HLA-DRB1*07:01,221,6,14,TLRVQGNDH,DDGRRTLRVQGNDHS,4149.54,81.74
HLA-DRB1*07:01,350,5,13,SQSTEPTKM,RRSQSTEPTKMRDIR,4192.96,81.89
HLA-DRB1*07:01,98,5,13,VNYTDPRRP,RNVNYTDPRRPWQGS,4218.90,82.01
HLA-DRB1*07:01,268,5,13,YTRDTERTS,HRSYTRDTERTSEMN,4274.17,82.31
HLA-DRB1*07:01,92,8,16,FAPFRDDGA,DPSTFAPFRDDGARV,4282.13,82.38
HLA-DRB1*07:01,57,4,12,EKALRDAKL,PVEKALRDAKLDKSQ,4343.31,82.68
HLA-DRB1*07:01,268,5,13,YTRDTERTS,KHRSYTRDTERTSEM,4362.00,82.82000000000001
HLA-DRB1*07:01,126,3,11,IKTDPLAQQ,RIKTDPLAQQRDCIQ,4393.50,82.91
HLA-DRB1*07:01,99,10,18,SGLQPTGFL,RNQKGHSGLQPTGFL,4395.31,82.93
HLA-DRB1*07:01,17,3,11,SADAPAALY,SADAPAALYQTIEEN,4403.26,82.97
HLA-DRB1*07:01,143,6,14,SRYISPDQL,SPDDPSRYISPDQLA,4408.55,82.99
HLA-DRB1*07:01,276,8,16,TDGQAVFAL,RFDNPHTDGQAVFAL,4426.14,83.09
HLA-DRB1*07:01,348,3,11,YLKEEVEAP,AIYLKEEVEAPDGRD,4430.54,83.11
HLA-DRB1*07:01,318,12,20,PRVTDSRRF,DEAEPPRVTDSRRFA,4456.55,83.21000000000001
HLA-DRB1*07:01,328,8,16,RKQAGSVVW,AGRKQAGSVVWTNGP,4470.71,83.25
HLA-DRB1*07:01,276,8,16,TDGQAVFAL,FDNPHTDGQAVFALD,4473.95,83.25
HLA-DRB1*07:01,72,8,16,MTVRRPGPR,GERSSMTVRRPGPRY,4486.41,83.28
HLA-DRB1*07:01,338,12,20,KKAGDALDL,GELEKKKAGDALDLK,4495.20,83.32000000000001
HLA-DRB1*07:01,268,5,13,YTRDTERTS,SYTRDTERTSEMNVL,4496.71,83.32000000000001
HLA-DRB1*07:01,56,5,13,VQGSFATVQ,VQGSFATVQDGGQES,4516.26,83.39
HLA-DRB1*07:01,300,11,19,ARRQRSEFM,PPDARRQRSEFMDWN,4531.97,83.45
HLA-DRB1*07:01,327,7,15,GTFQKWAAV,TRPAGNGTFQKWAAV,4542.09,83.5
HLA-DRB1*07:01,268,5,13,YTRDTERTS,RSYTRDTERTSEMNV,4552.57,83.55
HLA-DRB1*07:01,57,4,12,EKALRDAKL,DPVEKALRDAKLDKS,4557.54,83.55
HLA-DRB1*07:01,314,5,13,FDVAEDPTS,PRFDVAEDPTSNRFA,4619.80,83.7
HLA-DRB1*07:01,44,3,11,PTLLRSEDF,IPTLLRSEDFDGTTS,4627.31,83.72
HLA-DRB1*07:01,142,9,17,VVQGDDAAV,RTKRAKVVQGDDAAV,4707.35,84.0
HLA-DRB1*07:01,349,4,12,ITNQMTDSS,KRITNQMTDSSRERP,4721.73,84.03
HLA-DRB1*07:01,44,3,11,PTLLRSEDF,EIPTLLRSEDFDGTT,4746.68,84.09
HLA-DRB1*07:01,182,4,12,SDNAKPQIV,VASDNAKPQIVQTAN,4761.18,84.13
HLA-DRB1*07:01,329,9,17,FDSDAASQR,FDSDAASQRMEPRAP,4801.43,84.22
HLA-DRB1*07:01,134,6,14,LRTNKSYED,TQLRTNKSYEDNMDL,4801.74,84.23
HLA-DRB1*07:01,145,2,10,LLPKKTESH,VLLPKKTESHHKAKG,4805.48,84.24
HLA-DRB1*07:01,124,11,19,VSVGWTEQA,KPRVSVGWTEQAQPD,4828.31,84.33
HLA-DRB1*07:01,2,2,10,LVRPSAQDT,VLVRPSAQDTAGVRR,4881.42,84.44
HLA-DRB1*07:01,314,5,13,FDVAEDPTS,RFDVAEDPTSNRFAS,4886.44,84.47
HLA-DRB1*07:01,337,9,17,KKAVGGLGK,DGAKKAVGGLGKLGK,4890.51,84.5
HLA-DRB1*07:01,337,9,17,KKAVGGLGK,GLDGAKKAVGGLGKL,4902.38,84.54
HLA-DRB1*07:01,326,4,12,IDDSEIDLV,QFGIDDSEIDLVAKP,4902.91,84.54
HLA-DRB1*07:01,77,4,12,NWLDKNQTA,INWLDKNQTAEKEEF,4969.08,84.76
HLA-DRB1*07:01,349,4,12,ITNQMTDSS,RITNQMTDSSRERPI,4985.55,84.81
HLA-DRB1*07:01,99,3,11,FRNQKGHSG,FRNQKGHSGLQPTGF,5002.95,84.89
HLA-DRB1*07:01,337,12,20,VGGLGKLGK,KKAVGGLGKLGKDAV,5030.75,84.98
HLA-DRB1*07:01,76,6,14,IDIITQDNM,SKHGNIDIITQDNMG,5102.45,85.08
HLA-DRB1*07:01,337,9,17,KKAVGGLGK,GAKKAVGGLGKLGKD,5141.30,85.23
HLA-DRB1*07:01,300,11,19,ARRQRSEFM,VPPDARRQRSEFMDW,5147.81,85.23
HLA-DRB1*07:01,337,9,17,KKAVGGLGK,LDGAKKAVGGLGKLG,5148.03,85.23
HLA-DRB1*07:01,95,2,10,QYEDIAQKS,AQYEDIAQKSKAEAE,5164.49,85.29
HLA-DRB1*07:01,260,4,12,IGTPRPIPF,RIGTPRPIPFPSRAP,5168.91,85.29
HLA-DRB1*07:01,354,8,16,AATRDSTRI,AAAATRDSTRINWQE,5178.76,85.33
HLA-DRB1*07:01,258,9,17,FQDADVAER,VTPDRFQDADVAERS,5233.74,85.47
HLA-DRB1*07:01,125,6,14,IDTQQLDRQ,CPRIDTQQLDRQIKA,5271.30,85.57000000000001
HLA-DRB1*07:01,2,5,13,PSAQDTAGV,LVRPSAQDTAGVRRR,5300.58,85.76
HLA-DRB1*07:01,101,2,10,IIDNKGIDS,YIIDNKGIDSDASYP,5308.16,85.8
HLA-DRB1*07:01,316,5,13,YDEVRFDQV,SPAYDEVRFDQVDPT,5317.18,85.82000000000001
HLA-DRB1*07:01,230,10,18,ELEKTGELI,DAERLNELEKTGELI,5321.67,85.85000000000001
HLA-DRB1*07:01,328,8,16,RKQAGSVVW,TAVPAGRKQAGSVVW,5339.32,85.94
HLA-DRB1*07:01,338,12,20,KKAGDALDL,VGELEKKKAGDALDL,5340.82,85.94
HLA-DRB1*07:01,332,2,10,FRPANRPER,QFRPANRPERGVSAT,5382.94,86.08
HLA-DRB1*07:01,348,3,11,YLKEEVEAP,IYLKEEVEAPDGRDV,5421.81,86.14
HLA-DRB1*07:01,16,10,18,IENAQATGK,SIENAQATGKDATRA,5449.69,86.21000000000001
HLA-DRB1*07:01,337,9,17,KKAVGGLGK,AKKAVGGLGKLGKDA,5449.75,86.21000000000001
HLA-DRB1*07:01,168,5,13,FSVRQADAK,FSVRQADAKRDQDSE,5457.18,86.27
HLA-DRB1*07:01,322,8,16,ANTNRDHFL,DDPDGANTNRDHFLA,5478.66,86.33
HLA-DRB1*07:01,308,1,9,ELLGSNQAI,ELLGSNQAIDEDPEL,5486.91,86.36
HLA-DRB1*07:01,145,5,13,KKTESHHKA,LLPKKTESHHKAKGK,5516.85,86.43
HLA-DRB1*07:01,354,8,16,AATRDSTRI,AAATRDSTRINWQET,5579.58,86.55
HLA-DRB1*07:01,37,4,12,YERMKTEAE,REYERMKTEAESNSN,5617.56,86.71000000000001
HLA-DRB1*07:01,332,9,17,ERGVSATFS,RPANRPERGVSATFS,5630.71,86.72
HLA-DRB1*07:01,172,10,18,WAQRAGTSV,SPGPGWAQRAGTSVD,5705.83,86.89
HLA-DRB1*07:01,319,7,15,AVHDVKDVL,GKGAVHDVKDVLDSV,5708.30,86.9
HLA-DRB1*07:01,286,4,12,VRAGPARGD,HDVRAGPARGDLTFL,5768.15,87.13
HLA-DRB1*07:01,178,4,12,TLPDETYYF,TEKTLPDETYYFEYA,5769.59,87.13
HLA-DRB1*07:01,89,11,19,LQELDTSSG,LEEPLSLQELDTSSG,5785.22,87.22
HLA-DRB1*07:01,64,5,13,FVGKKGDAQ,YPADFVGKKGDAQKL,5801.01,87.24
HLA-DRB1*07:01,84,6,14,QQDRVPATL,GANANQQDRVPATLH,5807.73,87.24
HLA-DRB1*07:01,254,3,11,FNARPDTDA,SVFNARPDTDAFQDS,5858.73,87.37
HLA-DRB1*07:01,33,6,14,YYTVKDDRD,DKEYYTVKDDRDSPV,5881.78,87.39
HLA-DRB1*07:01,155,4,12,YYTVKDDRD,DKEYYTVKDDRDSPV,5881.78,87.39
HLA-DRB1*07:01,337,5,13,LDGAKKAVG,LEKGLDGAKKAVGGL,5918.17,87.42
HLA-DRB1*07:01,98,5,13,VNYTDPRRP,NVNYTDPRRPWQGSC,5928.10,87.44
HLA-DRB1*07:01,324,5,13,QLKGPQKLV,QLKGPQKLVKTYDED,5940.24,87.48
HLA-DRB1*07:01,126,10,18,QQRDCIQPI,KTDPLAQQRDCIQPI,5940.82,87.48
HLA-DRB1*07:01,314,5,13,FDVAEDPTS,VQPRFDVAEDPTSNR,5958.20,87.53
HLA-DRB1*07:01,337,15,23,LGKLGKDAV,VGGLGKLGKDAVEDL,5993.76,87.65
HLA-DRB1*07:01,316,5,13,YDEVRFDQV,PAYDEVRFDQVDPTD,5996.68,87.65
HLA-DRB1*07:01,258,9,17,FQDADVAER,SVTPDRFQDADVAER,6063.62,87.82000000000001
HLA-DRB1*07:01,172,10,18,WAQRAGTSV,KSPGPGWAQRAGTSV,6080.70,87.86
HLA-DRB1*07:01,354,8,16,AATRDSTRI,AATRDSTRINWQETQ,6085.05,87.88
HLA-DRB1*07:01,332,2,10,FRPANRPER,FRPANRPERGVSATF,6111.24,87.92
HLA-DRB1*07:01,208,9,17,PLVPWSSGL,QHHPPLVPWSSGLDQ,6138.94,88.03
HLA-DRB1*07:01,96,7,15,QIYDQAEKA,EAKSEAQIYDQAEKA,6196.26,88.16
HLA-DRB1*07:01,124,11,19,VSVGWTEQA,PRVSVGWTEQAQPDA,6198.81,88.17
HLA-DRB1*07:01,134,6,14,LRTNKSYED,QLRTNKSYEDNMDLN,6224.96,88.23
HLA-DRB1*07:01,330,7,15,DMASPDQFR,RPDMASPDQFRRTDD,6226.98,88.23
HLA-DRB1*07:01,123,7,15,GTFQKWASV,TRPAGDGTFQKWASV,6303.31,88.42
HLA-DRB1*07:01,300,11,19,ARRQRSEFM,QTVPPDARRQRSEFM,6305.42,88.42
HLA-DRB1*07:01,89,9,17,LSLQELDTS,HLEEPLSLQELDTSS,6387.48,88.61
HLA-DRB1*07:01,292,5,13,DQNASPQTF,RDQNASPQTFEAVDD,6397.92,88.63
HLA-DRB1*07:01,330,14,22,FRRTDDESA,ASPDQFRRTDDESAV,6411.64,88.66
HLA-DRB1*07:01,306,4,12,ARSSGDSHM,AWAARSSGDSHMCTA,6482.16,88.79
HLA-DRB1*07:01,4,8,16,PVTQPAPKV,PVPPVTQPAPKVPKF,6512.46,88.86
HLA-DRB1*07:01,94,4,12,YHPENGVLP,TPYHPENGVLPDKEP,6530.60,88.89
HLA-DRB1*07:01,337,5,13,LDGAKKAVG,KGLDGAKKAVGGLGK,6542.69,88.92
HLA-DRB1*07:01,332,9,17,ERGVSATFS,PANRPERGVSATFSD,6571.56,89.0
HLA-DRB1*07:01,314,5,13,FDVAEDPTS,FDVAEDPTSNRFASD,6612.43,89.13
HLA-DRB1*07:01,125,3,11,CPRIDTQQL,PCPRIDTQQLDRQIK,6661.91,89.23
HLA-DRB1*07:01,208,2,10,LEEQHHPPL,QLEEQHHPPLVPWSS,6702.76,89.34
HLA-DRB1*07:01,40,5,13,FQRPPVSST,EFQRPPVSSTVDGGR,6735.48,89.4
HLA-DRB1*07:01,300,11,19,ARRQRSEFM,TVPPDARRQRSEFMD,6746.42,89.42
HLA-DRB1*07:01,40,12,20,STVDGGRKA,PVSSTVDGGRKAQVA,6783.09,89.5
HLA-DRB1*07:01,319,7,15,AVHDVKDVL,VGKGAVHDVKDVLDS,6799.84,89.52
HLA-DRB1*07:01,124,11,19,VSVGWTEQA,RVSVGWTEQAQPDAT,6801.61,89.52
HLA-DRB1*07:01,337,5,13,LDGAKKAVG,EKGLDGAKKAVGGLG,6834.43,89.60000000000001
HLA-DRB1*07:01,92,8,16,FAPFRDDGA,EDPSTFAPFRDDGAR,6843.76,89.61
HLA-DRB1*07:01,276,1,9,IRFDNPHTD,IRFDNPHTDGQAVFA,6860.59,89.64
HLA-DRB1*07:01,360,2,10,RQTDAGDTL,RQTDAGDTLVRSGHR,6873.07,89.67
HLA-DRB1*07:01,319,3,11,VGKGAVHDV,ESVGKGAVHDVKDVL,6890.87,89.72
HLA-DRB1*07:01,240,4,12,TQPREGQRL,NSITQPREGQRLDPL,6907.29,89.78
HLA-DRB1*07:01,134,6,14,LRTNKSYED,LRTNKSYEDNMDLNS,6912.00,89.78
HLA-DRB1*07:01,126,3,11,IKTDPLAQQ,IKTDPLAQQRDCIQP,6923.75,89.81
HLA-DRB1*07:01,16,10,18,IENAQATGK,IENAQATGKDATRAL,6992.26,89.96000000000001
HLA-DRB1*07:01,128,7,15,DHRAAVEFA,DTLEPRDHRAAVEFA,7023.42,89.99
HLA-DRB1*07:01,337,15,23,LGKLGKDAV,KAVGGLGKLGKDAVE,7063.51,90.10000000000001
HLA-DRB1*07:01,326,4,12,IDDSEIDLV,FGIDDSEIDLVAKPD,7065.42,90.10000000000001
HLA-DRB1*07:01,299,8,16,DSNAASQRM,DSNAASQRMEPRAPW,7095.75,90.17
HLA-DRB1*07:01,125,3,11,CPRIDTQQL,IPCPRIDTQQLDRQI,7110.66,90.2
HLA-DRB1*07:01,112,7,15,GVQFNREYV,YRESEDGVQFNREYV,7117.28,90.2
HLA-DRB1*07:01,322,8,16,ANTNRDHFL,FDDPDGANTNRDHFL,7169.69,90.33
HLA-DRB1*07:01,144,5,13,IQADPDPDS,RDIQADPDPDSLLSY,7200.94,90.4
HLA-DRB1*07:01,319,7,15,AVHDVKDVL,SVGKGAVHDVKDVLD,7253.49,90.52
HLA-DRB1*07:01,144,5,13,IQADPDPDS,SRDIQADPDPDSLLS,7262.20,90.53
HLA-DRB1*07:01,29,7,15,FDSDAASPR,FDSDAASPREEPRAP,7290.78,90.57000000000001
HLA-DRB1*07:01,317,8,16,FDSDAASPR,FDSDAASPREEPRAP,7290.78,90.57000000000001
HLA-DRB1*07:01,326,4,12,IDDSEIDLV,GIDDSEIDLVAKPDY,7342.87,90.64
HLA-DRB1*07:01,254,3,11,FNARPDTDA,VFNARPDTDAFQDSY,7358.86,90.65
HLA-DRB1*07:01,318,12,20,PRVTDSRRF,DDEAEPPRVTDSRRF,7363.88,90.66
HLA-DRB1*07:01,78,1,9,EIADQTENI,EIADQTENIKKHQLN,7386.62,90.7
HLA-DRB1*07:01,362,6,14,TVRLGSRDR,NHDTVRLGSRDRQTE,7424.84,90.79
HLA-DRB1*07:01,292,5,13,DQNASPQTF,DQNASPQTFEAVDDS,7488.17,90.9
HLA-DRB1*07:01,38,5,13,TMKEEESMA,NNSTMKEEESMAERY,7518.94,90.92
HLA-DRB1*07:01,208,9,17,PLVPWSSGL,EQHHPPLVPWSSGLD,7529.61,90.94
HLA-DRB1*07:01,112,7,15,GVQFNREYV,RESEDGVQFNREYVD,7541.19,90.96000000000001
HLA-DRB1*07:01,362,6,14,TVRLGSRDR,GNHDTVRLGSRDRQT,7550.41,90.97
HLA-DRB1*07:01,326,9,17,IDLVAKPDY,IDDSEIDLVAKPDYP,7642.47,91.18
HLA-DRB1*07:01,92,8,16,FAPFRDDGA,QEDPSTFAPFRDDGA,7686.50,91.29
HLA-DRB1*07:01,362,7,15,VRLGSRDRQ,HDTVRLGSRDRQTER,7721.84,91.31
HLA-DRB1*07:01,362,6,14,TVRLGSRDR,AGNHDTVRLGSRDRQ,7723.18,91.31
HLA-DRB1*07:01,78,6,14,TENIKKHQL,IADQTENIKKHQLNQ,7730.87,91.33
HLA-DRB1*07:01,207,10,18,VDEQPQHPL,LSLQEVDEQPQHPLH,7732.80,91.33
HLA-DRB1*07:01,77,4,12,NWLDKNQTA,NWLDKNQTAEKEEFE,7760.71,91.36
HLA-DRB1*07:01,254,9,17,TDAFQDSYV,FNARPDTDAFQDSYV,7822.33,91.47
HLA-DRB1*07:01,98,5,13,VNYTDPRRP,VNYTDPRRPWQGSCY,7845.39,91.52
HLA-DRB1*07:01,360,4,12,TDAGDTLVR,NRQTDAGDTLVRSGH,7879.42,91.58
HLA-DRB1*07:01,354,11,19,RDSTRINWQ,ATRDSTRINWQETQN,7899.82,91.61
HLA-DRB1*07:01,217,3,11,LEPLPSSGP,RSLEPLPSSGPDFGG,7924.22,91.67
HLA-DRB1*07:01,40,10,18,VSSTVDGGR,PPVSSTVDGGRKAQV,7933.05,91.68
HLA-DRB1*07:01,330,7,15,DMASPDQFR,PDMASPDQFRRTDDE,7942.76,91.69
HLA-DRB1*07:01,330,14,22,FRRTDDESA,MASPDQFRRTDDESA,7985.84,91.77
HLA-DRB1*07:01,292,8,16,ASPQTFEAV,QNASPQTFEAVDDSR,8072.89,91.91
HLA-DRB1*07:01,33,6,14,YYTVKDDRD,ETDKEYYTVKDDRDS,8092.48,91.94
HLA-DRB1*07:01,33,6,14,YYTVKDDRD,TDKEYYTVKDDRDSP,8117.74,91.97
HLA-DRB1*07:01,208,9,17,PLVPWSSGL,EEQHHPPLVPWSSGL,8165.66,92.05
HLA-DRB1*07:01,208,2,10,LEEQHHPPL,LEEQHHPPLVPWSSG,8323.91,92.29
HLA-DRB1*07:01,172,1,9,FQVKSPGPG,FQVKSPGPGWAQRAG,8388.01,92.39
HLA-DRB1*07:01,156,3,11,YDEDSRVKY,TPYDEDSRVKYKVDD,8430.13,92.46000000000001
HLA-DRB1*07:01,144,5,13,IQADPDPDS,PSRDIQADPDPDSLL,8464.77,92.54
HLA-DRB1*07:01,207,10,18,VDEQPQHPL,PLSLQEVDEQPQHPL,8504.43,92.59
HLA-DRB1*07:01,94,4,12,YHPENGVLP,PYHPENGVLPDKEPQ,8652.28,92.87
HLA-DRB1*07:01,214,11,19,TVKDQVNPQ,STPTTTVKDQVNPQS,8687.84,92.89
HLA-DRB1*07:01,34,6,14,YTRKDPSYE,DEDYTRKDPSYEDVK,8757.01,92.95
HLA-DRB1*07:01,354,14,22,TRINWQETQ,TRDSTRINWQETQNE,8758.62,92.95
HLA-DRB1*07:01,217,5,13,PLPSSGPDF,SLEPLPSSGPDFGGL,8769.91,92.96000000000001
HLA-DRB1*07:01,280,5,13,SLPEQDELI,LGSNSLPEQDELIAK,8771.24,92.96000000000001
HLA-DRB1*07:01,308,2,10,LLGSNQAID,LLGSNQAIDEDPELK,8785.58,92.99
HLA-DRB1*07:01,337,15,23,LGKLGKDAV,AVGGLGKLGKDAVED,8863.01,93.06
HLA-DRB1*07:01,206,7,15,LHVGTSKLD,LHVGTSKLDENETAE,8879.04,93.10000000000001
HLA-DRB1*07:01,218,6,14,LEDEPPEEL,GAGLEDEPPEELFGR,8884.61,93.11
HLA-DRB1*07:01,258,4,12,VTPDRFQDA,DSVTPDRFQDADVAE,9013.29,93.22
HLA-DRB1*07:01,4,8,16,PVTQPAPKV,IPVPPVTQPAPKVPK,9073.17,93.29
HLA-DRB1*07:01,273,1,9,LGLTAPPGS,LGLTAPPGSKEAEVQ,9087.71,93.3
HLA-DRB1*07:01,218,6,14,LEDEPPEEL,LEDEPPEELFGRLSP,9135.03,93.35000000000001
HLA-DRB1*07:01,40,10,18,VSSTVDGGR,RPPVSSTVDGGRKAQ,9173.96,93.36
HLA-DRB1*07:01,4,1,9,AKPIPVPPV,AKPIPVPPVTQPAPK,9224.32,93.46000000000001
HLA-DRB1*07:01,218,6,14,LEDEPPEEL,AGLEDEPPEELFGRL,9229.41,93.48
HLA-DRB1*07:01,296,7,15,QRGSDIELQ,QLTPRPQRGSDIELQ,9230.71,93.48
HLA-DRB1*07:01,40,5,13,FQRPPVSST,FQRPPVSSTVDGGRK,9299.38,93.55
HLA-DRB1*07:01,168,7,15,VRQADAKRD,SVRQADAKRDQDSEM,9390.38,93.60000000000001
HLA-DRB1*07:01,218,6,14,LEDEPPEEL,GLEDEPPEELFGRLS,9441.62,93.64
HLA-DRB1*07:01,58,4,12,LEAQRKPDA,SVLEAQRKPDADKKL,9505.17,93.69
HLA-DRB1*07:01,348,3,11,YLKEEVEAP,YLKEEVEAPDGRDVS,9513.51,93.69
HLA-DRB1*07:01,129,11,19,LGSGGSIRS,GGGGGLGSGGSIRSS,9526.28,93.7
HLA-DRB1*07:01,222,11,19,TDRDRSTRV,ALDHQNTDRDRSTRV,9552.81,93.75
HLA-DRB1*07:01,92,3,11,EDPSTFAPF,DQEDPSTFAPFRDDG,9648.89,93.84
HLA-DRB1*07:01,330,7,15,DMASPDQFR,DMASPDQFRRTDDES,9734.67,93.95
HLA-DRB1*07:01,38,6,14,MKEEESMAE,RNNSTMKEEESMAER,9850.37,94.14
HLA-DRB1*07:01,4,8,16,PVTQPAPKV,KPIPVPPVTQPAPKV,9970.03,94.26
HLA-DRB1*07:01,34,6,14,YTRKDPSYE,TDEDYTRKDPSYEDV,9997.25,94.32000000000001
HLA-DRB1*07:01,40,10,18,VSSTVDGGR,QRPPVSSTVDGGRKA,9997.47,94.32000000000001
HLA-DRB1*07:01,218,6,14,LEDEPPEEL,SGAGLEDEPPEELFG,10007.54,94.34
HLA-DRB1*07:01,218,6,14,LEDEPPEEL,SSGAGLEDEPPEELF,10032.47,94.35000000000001
HLA-DRB1*07:01,94,10,18,VLPDKEPQV,HPENGVLPDKEPQVV,10119.91,94.44
HLA-DRB1*07:01,204,7,15,YIPEEQPKT,VRDYIPEEQPKTDRA,10244.40,94.5
HLA-DRB1*07:01,324,6,14,LKGPQKLVK,LKGPQKLVKTYDEDD,10276.59,94.54
HLA-DRB1*07:01,314,7,15,VAEDPTSNR,DVAEDPTSNRFASDG,10433.89,94.69
HLA-DRB1*07:01,214,11,19,TVKDQVNPQ,SSTPTTTVKDQVNPQ,10442.93,94.69
HLA-DRB1*07:01,270,1,9,GNSMGPYNF,GNSMGPYNFGRGGGG,10443.04,94.7
HLA-DRB1*07:01,204,7,15,YIPEEQPKT,AVRDYIPEEQPKTDR,10460.91,94.73
HLA-DRB1*07:01,238,9,17,SLHWPQPEL,SVPQDESLHWPQPEL,10467.02,94.74
HLA-DRB1*07:01,58,4,12,LEAQRKPDA,DSVLEAQRKPDADKK,10468.61,94.74
HLA-DRB1*07:01,94,4,12,YHPENGVLP,YHPENGVLPDKEPQV,10532.12,94.76
HLA-DRB1*07:01,218,13,21,ELFGRLSPG,EDEPPEELFGRLSPG,10550.02,94.76
HLA-DRB1*07:01,207,1,9,WSGPLSLQE,WSGPLSLQEVDEQPQ,10697.61,94.91
HLA-DRB1*07:01,237,1,9,WSGPLSLQE,WSGPLSLQEVDEQPQ,10697.61,94.91
HLA-DRB1*07:01,192,6,14,LQRDNHTVD,RDLQRDNHTVDSGTA,10790.96,94.96000000000001
HLA-DRB1*07:01,4,8,16,PVTQPAPKV,PIPVPPVTQPAPKVP,10820.31,95.0
HLA-DRB1*07:01,192,5,13,DLQRDNHTV,RGRDLQRDNHTVDSG,10883.71,95.05
HLA-DRB1*07:01,217,5,13,PLPSSGPDF,LEPLPSSGPDFGGLG,10923.12,95.05
HLA-DRB1*07:01,77,6,14,LDKNQTAEK,WLDKNQTAEKEEFEH,10926.54,95.05
HLA-DRB1*07:01,308,8,16,AIDEDPELK,LGSNQAIDEDPELKS,11076.40,95.15
HLA-DRB1*07:01,192,6,14,LQRDNHTVD,GRDLQRDNHTVDSGT,11086.36,95.16
HLA-DRB1*07:01,116,7,15,NIWQDEHYA,GSPVHDNIWQDEHYA,11224.55,95.27
HLA-DRB1*07:01,204,4,12,VRDYIPEEQ,DGAVRDYIPEEQPKT,11245.10,95.29
HLA-DRB1*07:01,204,7,15,YIPEEQPKT,GAVRDYIPEEQPKTD,11246.92,95.29
HLA-DRB1*07:01,324,10,18,QKLVKTYDE,GPQKLVKTYDEDDLA,11307.93,95.31
HLA-DRB1*07:01,192,5,13,DLQRDNHTV,RRGRDLQRDNHTVDS,11328.02,95.32000000000001
HLA-DRB1*07:01,324,10,18,QKLVKTYDE,KGPQKLVKTYDEDDL,11390.70,95.32000000000001
HLA-DRB1*07:01,230,3,11,SDAERLNEL,SDAERLNELEKTGEL,11512.00,95.45
HLA-DRB1*07:01,158,2,10,SVGGWENEF,ISVGGWENEFQKRET,11555.55,95.47
HLA-DRB1*07:01,300,4,12,SQTVPPDAR,AASQTVPPDARRQRS,11560.93,95.48
HLA-DRB1*07:01,207,5,13,LSLQEVDEQ,SGPLSLQEVDEQPQH,11720.12,95.63
HLA-DRB1*07:01,237,5,13,LSLQEVDEQ,SGPLSLQEVDEQPQH,11720.12,95.63
HLA-DRB1*07:01,230,3,11,SDAERLNEL,QTSDAERLNELEKTG,11751.10,95.64
HLA-DRB1*07:01,238,2,10,QSVPQDESL,QSVPQDESLHWPQPE,11924.14,95.75
HLA-DRB1*07:01,129,11,19,LGSGGSIRS,GGGGGGLGSGGSIRS,11934.46,95.75
HLA-DRB1*07:01,238,2,10,QSVPQDESL,GQSVPQDESLHWPQP,12212.17,95.9
HLA-DRB1*07:01,338,9,17,LEKKKAGDA,LGVGELEKKKAGDAL,12428.92,95.98
HLA-DRB1*07:01,338,9,17,LEKKKAGDA,GVGELEKKKAGDALD,12829.12,96.16
HLA-DRB1*07:01,273,12,20,AEVQAKQQA,PPGSKEAEVQAKQQA,13053.00,96.29
HLA-DRB1*07:01,222,5,13,ALDHQNTDR,RGALDHQNTDRDRST,13256.67,96.39
HLA-DRB1*07:01,222,5,13,ALDHQNTDR,ERGALDHQNTDRDRS,13321.95,96.41
HLA-DRB1*07:01,230,3,11,SDAERLNEL,TSDAERLNELEKTGE,13355.73,96.41
HLA-DRB1*07:01,338,4,12,LGVGELEKK,AGGLGVGELEKKKAG,13386.11,96.42
HLA-DRB1*07:01,77,6,14,LDKNQTAEK,LDKNQTAEKEEFEHQ,13386.83,96.42
HLA-DRB1*07:01,207,5,13,LSLQEVDEQ,GPLSLQEVDEQPQHP,13408.14,96.44
HLA-DRB1*07:01,237,5,13,LSLQEVDEQ,GPLSLQEVDEQPQHP,13408.14,96.44
HLA-DRB1*07:01,158,3,11,VGGWENEFQ,SVGGWENEFQKRETG,13420.91,96.45
HLA-DRB1*07:01,34,6,14,YTRKDPSYE,VTDEDYTRKDPSYED,13476.50,96.5
HLA-DRB1*07:01,300,4,12,SQTVPPDAR,ASQTVPPDARRQRSE,14020.73,96.71000000000001
HLA-DRB1*07:01,338,4,12,LGVGELEKK,GLGVGELEKKKAGDA,14132.67,96.79
HLA-DRB1*07:01,217,5,13,PLPSSGPDF,EPLPSSGPDFGGLGE,14133.90,96.79
HLA-DRB1*07:01,222,5,13,ALDHQNTDR,GALDHQNTDRDRSTR,14441.52,96.94
HLA-DRB1*07:01,338,4,12,LGVGELEKK,GGLGVGELEKKKAGD,14744.18,97.03
HLA-DRB1*07:01,269,1,9,FGGSRNMGG,FGGSRNMGGPYGGGN,14826.73,97.04
HLA-DRB1*07:01,158,5,13,GWENEFQKR,VGGWENEFQKRETGR,14862.55,97.06
HLA-DRB1*07:01,222,5,13,ALDHQNTDR,GERGALDHQNTDRDR,15027.48,97.13
HLA-DRB1*07:01,217,5,13,PLPSSGPDF,PLPSSGPDFGGLGEE,15062.81,97.18
HLA-DRB1*07:01,172,3,11,VKSPGPGWA,QVKSPGPGWAQRAGT,15148.94,97.23
HLA-DRB1*07:01,86,11,19,PERDSFFVD,ASEDRPPERDSFFVD,15194.90,97.24000000000001
HLA-DRB1*07:01,206,12,20,SKLDENETA,HVGTSKLDENETAEE,15339.28,97.3
HLA-DRB1*07:01,273,9,17,SKEAEVQAK,APPGSKEAEVQAKQQ,15538.39,97.42
HLA-DRB1*07:01,300,4,12,SQTVPPDAR,SQTVPPDARRQRSEF,15755.60,97.52
HLA-DRB1*07:01,77,9,17,NQTAEKEEF,DKNQTAEKEEFEHQQ,16625.14,97.92
HLA-DRB1*07:01,273,3,11,LTAPPGSKE,GLTAPPGSKEAEVQA,17107.61,98.02
HLA-DRB1*07:01,172,3,11,VKSPGPGWA,VKSPGPGWAQRAGTS,17142.63,98.03
HLA-DRB1*07:01,273,3,11,LTAPPGSKE,LTAPPGSKEAEVQAK,17278.94,98.03
HLA-DRB1*07:01,86,10,18,PPERDSFFV,DASEDRPPERDSFFV,17329.68,98.03
HLA-DRB1*07:01,273,9,17,SKEAEVQAK,TAPPGSKEAEVQAKQ,17339.24,98.03
HLA-DRB1*07:01,87,3,11,MKGGNFGGR,GPMKGGNFGGRSSGP,18206.53,98.3
HLA-DRB1*07:01,322,2,10,FDDPDGANT,QFDDPDGANTNRDHF,18578.65,98.48
HLA-DRB1*07:01,318,6,14,DDEAEPPRV,PDADDEAEPPRVTDS,18865.49,98.57000000000001
HLA-DRB1*07:01,264,7,15,GGSSGIRGL,GGSGGGGSSGIRGLG,18927.85,98.58
HLA-DRB1*07:01,318,6,14,DDEAEPPRV,SPDADDEAEPPRVTD,19051.53,98.63
HLA-DRB1*07:01,86,1,9,TQADASEDR,TQADASEDRPPERDS,19076.29,98.63
HLA-DRB1*07:01,318,6,14,DDEAEPPRV,QSPDADDEAEPPRVT,19129.20,98.64
HLA-DRB1*07:01,318,6,14,DDEAEPPRV,DADDEAEPPRVTDSR,19305.52,98.68
HLA-DRB1*07:01,217,12,20,DFGGLGEEA,PSSGPDFGGLGEEAE,19411.92,98.73
HLA-DRB1*07:01,264,7,15,GGSSGIRGL,GGGSGGGGSSGIRGL,19448.50,98.74000000000001
HLA-DRB1*07:01,217,6,14,LPSSGPDFG,LPSSGPDFGGLGEEA,19486.00,98.75
HLA-DRB1*07:01,318,6,14,DDEAEPPRV,ADDEAEPPRVTDSRR,19746.63,98.78
HLA-DRB1*07:01,129,10,18,GLGSGGSIR,GGGGGGGLGSGGSIR,19774.85,98.78
HLA-DRB1*07:01,263,8,16,GLGSGGSIR,GGGGGGGLGSGGSIR,19774.85,98.78
HLA-DRB1*07:01,86,5,13,ASEDRPPER,ADASEDRPPERDSFF,20210.71,98.83
HLA-DRB1*07:01,86,5,13,ASEDRPPER,QADASEDRPPERDSF,20441.41,98.87
HLA-DRB1*07:01,88,7,15,PFSGKGPGM,SRGNGGPFSGKGPGM,20713.70,98.9
HLA-DRB1*07:01,130,5,13,IGSSGGGGG,GSRIGSSGGGGGGSS,24870.76,99.48
HLA-DRB1*07:01,130,4,12,RIGSSGGGG,GGSRIGSSGGGGGGS,24912.24,99.49000000000001
HLA-DRB1*07:01,130,11,19,GGGGSSRGL,GSSGGGGGGSSRGLS,25472.08,99.53
HLA-DRB1*07:01,130,5,13,IGSSGGGGG,SRIGSSGGGGGGSSR,26643.91,99.60000000000001
HLA-DRB1*07:01,130,11,19,GGGGSSRGL,IGSSGGGGGGSSRGL,27409.43,99.68
HLA-DRB1*07:01,130,4,12,RIGSSGGGG,RIGSSGGGGGGSSRG,29105.46,99.8
HLA-DRB1*07:01,129,9,17,GGLGSGGSI,SGGGGGGGLGSGGSI,29391.54,99.8
HLA-DRB1*07:01,263,7,15,GGLGSGGSI,SGGGGGGGLGSGGSI,29391.54,99.8
HLA-DRB1*07:01,129,3,11,SGGGGGGGL,SRSGGGGGGGLGSGG,36941.25,99.95
HLA-DRB1*07:01,129,3,11,SGGGGGGGL,RSGGGGGGGLGSGGS,37134.41,99.96000000000001

