peptideName,peptideSeq,DRtested,beadAssayResults
DR4_pp65CMVpep1,AHELVCSMENTRATKMQVIG,DRB1*04:01:01,y
DR4_pp65CMVpep2,FCEDVPSGKLFMHVTLGSDV,DRB1*04:01:01,y
DR15pp65CMV,LLQTGIHVRVSQPSL,DRB1*15:01,y
MCL008_IGK_DR4_1,APRLLIYDAANRATG,DRB1*04:02:01,y
MCL008_IGH_DR4_1,KNQFSLELNSVTAADTA,DRB1*04:02:01,n
MCL034_IGH_DR4_1,GQVTISVDKSISTAYL,DRB1*04:01:01,y
MCL041_IGH_DR4_1,NMLFLQMNSLKTEDT,DRB1*04:01:01,y
MCL041_IGH_DR4_2,IKNKIDGETTDYAAPV,DRB1*04:01:01,y
MCL041_IGH_DR4_3,DDSKNMLFLQMNSLKTEDT,DRB1*04:01:01,weak
DR7_VP3_1,KIKERMTTSLPIARL,DRB1*07:01,y
DR7_VP3_2,QIRFSESATSYSGYI,DRB1*07:01,y
DR7_VP3_3,IYYEHAPIELIYACR,DRB1*07:01,weak
DR7_VP3_4,YENNIVYLHDYSYYT,DRB1*07:01,n
DR7_VP3_5,PLDTSYSTTHHKELF,DRB1*07:01,n
DR7_VP3_6,NILYLNYSVKTLQIL,DRB1*07:01,y
DR7_VP3_7,PISAKLLHHPTTEIR,DRB1*07:01,weak
DR7_VP4_1,TSLWKEMQYNRDIII,DRB1*07:01,weak
DR7_VP4_2,STQFTDFVSLNSLRF,DRB1*07:01,y
DR7_VP4_3,LDMFSMFSGIKSTID,DRB1*07:01,y
DR7_VP4_4,EFYNRRTLTSDTRLV,DRB1*07:01,y
DR7_VP4_5,LPPIQNTRNVVPLPL,DRB1*07:01,y
DR7_VP4_6,LNDNYGITRSQALDL,DRB1*07:01,y
DR7_VP4_7,ESSEKFIPKRAYRVL,DRB1*07:01,y
DR7_VP6_1,VLYSLSKTLKDARDK,DRB1*07:01,n
DR7_VP6_2,FDFGLLGTTLLNLDA,DRB1*07:01,weak
DR7_VP6_3,LTTATITLLPDAERF,DRB1*07:01,n
DR7_VP6_4,DTIRLLFQLMRPPNM,DRB1*07:01,weak
DR7_VP6_5,FGTIIARNFDTIRLL,DRB1*07:01,y
DR7_VP6_6,RRQRTGFTFHKPNIF,DRB1*07:01,y
DR7_VP6_7,EHIVQLRRVLTTATI,DRB1*07:01,y
DR7_VP7_1,INQIVQVMSKRSRSL,DRB1*07:01,weak
DR7_VP7_2,QEGIFLTSTLCLYYP,DRB1*07:01,weak
DR7_VP7_3,IILLNYILKSVTRIM,DRB1*07:01,weak
DR7_VP7_4,ISDDEWENTLSQLFL,DRB1*07:01,y
DR7_VP7_5,WKKWWQVFYTVVDYI,DRB1*07:01,y
DR15TMP001,LYVFVVYFNGHVEAV,DRB1*15:01,n
DR15TMP002,NREGKIVGLYGNGVV,DRB1*15:01,y
DR15TMP003,NRKGKIVGLYGNGVV,DRB1*15:01,y
DR15TMP004,QRCRVHFMRNLYTAV,DRB1*15:01,y
DR15TMP005,DKKGKVVGLYGNGVV,DRB1*15:01,y
DR15TMP006,NREGKVVGLYGNGVV,DRB1*15:01,y
DR15TMP007,QRCRVHFLRNVLAQV,DRB1*15:01,y
DR15TMP008,MSQIMYNYPAMMAHA,DRB1*15:01,y
DR15TMP009,TGGVYHFVKKHVHES,DRB1*15:01,weak
DR15TMP010,GYKVLVLNPSVAATL,DRB1*15:01,y
DR15TMP011,VLARLHFYRNDVHKE,DRB1*15:01,y
DR15TMP012,GDPDMMRYVDKYGQL,DRB1*15:01,y
DR15TMP013,KGIQIIYTRNHEVKS,DRB1*15:01,y
DR15TMP014,MHVSFVMAYPEMLAA,DRB1*15:01,y
DR15TMP015,QSFQISNYVGRKSSD,DRB1*15:01,y
DR15TMP016,NRDMLPCYSVARIPL,DRB1*15:01,y
DR15TMP017,NKDMLPCYSVARIPL,DRB1*15:01,y
DR15TMP018,QRAIERYAGAETAEY,DRB1*15:01,y
DR15TMP019,NFDMLPCYSVARIPL,DRB1*15:01,y
DR15TMP020,GNEWITDFVGKTVWF,DRB1*15:01,y
DR15TMP021,HLRGFSKSISISDTF,DRB1*15:01,n
DR15TMP022,IGGRVHFFKDISPIA,DRB1*15:01,y
DR15TMP023,MAQVEEVRVFEGTE,DRB1*15:01,n
DR15TMP024,KIKLNAKMNILIRDKRFHYD,DRB1*15:01,y
DR15TMP025,ENIKKILLRE,DRB1*15:01,n
DR15TMP026,FFIKKRSLII,DRB1*15:01,n
DR15TMP027,FNIIKVHSSL,DRB1*15:01,n
DR15TMP028,LNIKNSKLEI,DRB1*15:01,n
DR15TMP029,LNITSSSYLF,DRB1*15:01,n
DR15TMP030,NNIKSKVDNA,DRB1*15:01,n
DR15TMP031,NNIYKKALIS,DRB1*15:01,weak
DR15TMP032,QAIGKKIQNN,DRB1*15:01,n
DR15TMP033,SNIIKKTSED,DRB1*15:01,n
DR15TMP034,TLITKKISAI,DRB1*15:01,n
DR15TMP035,YNIKKIKVED,DRB1*15:01,n
DR15TMP036,FDLMVLRIDRGVAAAGYANT,DRB1*15:01,y
DR15TMP037,GKWKIIYFYPKDFTFVCPTE,DRB1*15:01,y
DR15TMP038,MHKRNLVLKAAAALVVGSLA,DRB1*15:01,y
DR15TMP039,MNKLSKLAFIAATAVMAASA,DRB1*15:01,y
DR15TMP040,PGRVRLQGVRYVGSYRPTGD,DRB1*15:01,y
DR15TMP041,SLRRAQAVKSYLVSKGVPAN,DRB1*15:01,y
DR15TMP042,TAACVVLGGAFAYWHHRAKV,DRB1*15:01,n
DR15TMP043,VFGNVHFFKNTGSA,DRB1*15:01,y
DR15TMP044,TMRIKDDETENILTVLLKTA,DRB1*15:01,y
DR15TMP045,VIGLYGNGV,DRB1*15:01,n
DR15TMP046,VSGYVHFFRGLPLL,DRB1*15:01,y
DR15TMP047,YKHKIHFFKNEVLE,DRB1*15:01,weak
DR15TMP048,STARVHFWRSRSSE,DRB1*15:01,y
DR15TMP049,FGVKIHFFKQRNSL,DRB1*15:01,n
DR15TMP050,GRHLIFCHSKKKCDELATKL,DRB1*15:01,y
DR15TMP051,GRHLIFCHSKRKCDELATKL,DRB1*15:01,y
DR15TMP052,KLVAMGINAVAYYRGLDVSV,DRB1*15:01,y
DR15TMP053,VAYYRGLDVSV,DRB1*15:01,n
DR15TMP054,VIKGGRHLIFCHSEKKCD,DRB1*15:01,y
DR15TMP055,AQGYKVLVLNPSVAATLGFG,DRB1*15:01,y
DR15TMP056,PGEINRVASCLRKLGVPPLRAY,DRB1*15:01,weak
DR15TMP057,VDLLVNLLPAILSPGA,DRB1*15:01,y
DR15TMP058,YENVCANTAN,DRB1*15:01,y
DR15TMP059,YIRHYASAAT,DRB1*15:01,n
DR15TMP060,DAYPCYFFKSACRPRAP,DRB1*15:01,y
DR15TMP061,FIEFVGWLCKKDHTHIREWF,DRB1*15:01,n
DR15TMP062,FNIIKSLLGG,DRB1*15:01,n
DR15TMP063,ENIYYSSVRT,DRB1*15:01,weak
DR15TMP064,LASEESAFYVLEHSSFQLLG,DRB1*15:01,y
DR15TMP065,SLGAIVSCYGKTKCTASN,DRB1*15:01,y
DR15TMP066,VKGEPIINFYDPLVFPSD,DRB1*15:01,y
DR15TMP067,ARRRRRAEKKAADVARRKQE,DRB1*15:01,n
DR15TMP068,RRRAEKKAADVA,DRB1*15:01,n
DR15TMP069,MHGNWHFFRNFLSN,DRB1*15:01,y
DR15TMP070,NPQVIHFFKSLDLL,DRB1*15:01,y
DR15TMP071,AAQNVHFWKALNQL,DRB1*15:01,y
DR15TMP072,VVRDLRLRA,DRB1*15:01,n
DR15TMP073,AAVVRFQEAANKQK,DRB1*15:01,weak
DR15TMP074,SSARLHFFRALPHP,DRB1*15:01,y
DR15TMP075,IEAAIHFYKGLAVY,DRB1*15:01,y
DR15TMP076,ENAVVHFFRSLVSS,DRB1*15:01,y
DR15TMP077,PSDKHIEQYLKKIQNSLSTEWS,DRB1*15:01,y
DR15TMP078,DVSKVHFFKGNGQT,DRB1*15:01,y
DR15TMP079,AAQRIHFFKNLSLL,DRB1*15:01,y
DR15TMP080,HRAKLHFFKDENLK,DRB1*15:01,y
DR15TMP081,SVGKIHFFKMEVVS,DRB1*15:01,y
DR15TMP082,QISNYVGRK,DRB1*15:01,n
DR15TMP083,SLGNIHFFKSEVVR,DRB1*15:01,y
DR15TMP084,RWRRWPARRW,DRB1*15:01,y
DR15TMP085,WWRRWPRRRR,DRB1*15:01,n
DR15TMP086,LESVVHFLRGQKVT,DRB1*15:01,y
DR15TMP087,DYIDAYVSRLL,DRB1*15:01,n
DR15TMP088,KDYIDAYVSRLL,DRB1*15:01,y
DR15TMP089,YIDAYVSRLLDD,DRB1*15:01,weak
DR15TMP090,DLDDEQEILNYMSPHHK,DRB1*15:01,y
DR15TMP092,MGAVLIWVGINTRNMTM,DRB1*15:01,y
DR15TMP093,PPAGTRKIMKVVNRWLF,DRB1*15:01,n
DR15TMP094,RNGEVIGLYGNGILVGD,DRB1*15:01,y
DR15TMP095,VIKILTYPWDRIEEVTR,DRB1*15:01,y
DR7_CMV283-299,KPGKISHIMLDVAFTSH,DRB1*07:01,n
DR7_CMV109-123,MSIYVYALPLKMLNI,DRB1*07:01,n
DR7_CMV180-194,VYYTSAFVFPTKDVA,DRB1*07:01,n
DR7_CMV339-353,LRQYDPVAALFFFDI,DRB1*07:01,weak
DR7_CMVglycB_1,VFETTGGLVVFWQGI,DRB1*07:01,y
DR7_CMVglycB_2,DYSNTHSTRYV,DRB1*07:01,n
DR7_CMVglycB_3,DDYSNTHSTRYV,DRB1*07:01,n
DR7_CMVglycB_4,MQLIPDDYSNTHSTRYVTVK,DRB1*07:01,y
DR7_CMVglycB_5,PDDYSNTHSTRYVTV,DRB1*07:01,weak
DR7_CMVglycB_6,FETTGGLVVFWQGIK,DRB1*07:01,n
DR7_fluHA232-244,IYWTIVKPGDILL,DRB1*07:01,n
DR7_fluM1,NPLIRHENRMVLAS,DRB1*07:01,n
DR15_CMV221-235,DQYVKVYLESFCEDV,DRB1*15:01,y
DR15_CMV41-55,LLQTGIHVRVSQPSL,DRB1*15:01,n
DR15_CMV39-53,TRLLQTGIHVRVSQP,DRB1*15:01,n
DR15_CMV109-123,MSIYVYALPLKMLNI,DRB1*15:01,n
DR15_VP4a,TKLVGILKYGGRIWT,DRB1*15:01,weak
DR15_VP4b,RNMVYVKSLAANLNS,DRB1*15:01,n
DR15_VP4c,RDIIIRFKFGNSIIK,DRB1*15:01,weak
DR15_VP4d,DTKLVGILKYGGRIW,DRB1*15:01,n
DR15_VP4e,AFRNMVYVRSLAANL,DRB1*15:01,n
DR15_VP4f,TQFTDFVSLNSLRFRFSL ,DRB1*15:01,n
DR15_VP4g,LNSLRFRFSLTVDEP  ,DRB1*15:01,n
DR15_VP4h,ISRYEVIKENSYVYV ,DRB1*15:01,n
DR15_VP4i,QYNRDIIIRFKFGNS ,DRB1*15:01,n
DR15_VP4j,TRNVVPLSLSSRSIQY ,DRB1*15:01,n
DR15_VP4k,LNNISIIIHSEFYII,DRB1*15:01,n
DR15_VP4l,EPSFSILRTRTVNLY,DRB1*15:01,n
DR15_VP4m,RDIIIRFKFGNSVIK,DRB1*15:01,weak
DR15_VP7a,SELADLILNEWLCNPMDI ,DRB1*15:01,n
DR15_VP7b,EWLCNPMDITLYYYQQ ,DRB1*15:01,n
DR15_VP7c,IMDYIIYRSLLIYVA,DRB1*15:01,n
DR15_VP7d,VTRIMDYIIYRSLLI,DRB1*15:01,n
DR15_VP7e,IFRFLLLIALMSPFV,DRB1*15:01,n
DR15_VP7f,IEYTTILIFLISIIL,DRB1*15:01,n
DR15_VP7g,IYRFLLFIVIASPFV,DRB1*15:01,n
DR15_VP7h,LLLIALMSPFVRTQN,DRB1*15:01,n
DR15_VP7i,IIYRSLLIYVALFAL,DRB1*15:01,n
DR15_VP7j,MMDFIIYRFLLIIVV,DRB1*15:01,n
DR15_VP7k,RFLLIIVVILPFIKA,DRB1*15:01,n
DR15_VP7l,NIVLIQYQNSLALDV,DRB1*15:01,n
DR7_VP4a,VSLNSLRFRFSLTVDEP ,DRB1*07:01,n
DR7_VP4b,TRNTRNVVPLSLSSRSI ,DRB1*07:01,weak
DR7_VP4c,VVPLSLSSRSIQYKRAQ ,DRB1*07:01,y
DR7_VP4d,DEPSFSIIRTRTMNL,DRB1*07:01,y
DR7_VP4e,EPSFSIIRTRTMNLY,DRB1*07:01,weak
DR7_VP4f,RTEALNLIKSNPNML,DRB1*07:01,y
DR7_VP4g,AFRNMVYVKSLAANL,DRB1*07:01,n
DR7_VP4h,KSTIDLTKSMATSVM,DRB1*07:01,y
DR7_VP4i,FRNMVYVKSLAANLN,DRB1*07:01,n
DR7_VP4j,PSFSILRTRTVNLYG,DRB1*07:01,n
DR7_VP4k,TQFTDFVSLNSLRFR,DRB1*07:01,y
DR7_VP4l,RNMVYVRSLAANLNS,DRB1*07:01,n
DR7_VP7a,DGINHKINLTTTTCTIRNCK ,DRB1*07:01,weak
DR7_VP7b,KLAIVDVVDGINHKINLTT ,DRB1*07:01,n
DR7_VP7c,EYTTILIFLISIILL,DRB1*07:01,n
DR7_VP7d,IVIASPFVKTQNYGI,DRB1*07:01,n
DR7_VP7e,NIVLIQYQNSLALDV,DRB1*07:01,n
DR7_VP7f,ILIFLISIILLNYIL,DRB1*07:01,n
DR7_VP7g,VILPFIKAQNYGINL,DRB1*07:01,n
DR7_VP7h,SVYFKEYTDIASFSI,DRB1*07:01,n
DR7_VP7i,YVALFALTRAQNYGL,DRB1*07:01,weak
DR7_VP7j,RENVAIIQVGSSDVI,DRB1*07:01,n
DR7_NSP5a,GCDQMDFSLTKGINV,DRB1*07:01,y
DR15_NSP5a,YKKKYFVLRMRMKQV,DRB1*15:01,y
DR7_HIV_gag_SLYN,SLYNTVATLYCVHQRIEV,DRB1*07:01,weak
DR15_HIV_gag_RQAN,RQANFLGKIWPSHKGR,DRB1*15:01,y
DR15_HIV_gag_FYKT,FYKTLRAEQASQE,DRB1*15:01,n
DR15_HIV_env_FNIT,FNITSSIRNK,DRB1*15:01,weak
DR15_HIV_gag_SPEV,SPEVIPMFSALSE,DRB1*15:01,y
DR7_DR15_HIV_gag_ASRE,ASRELERFAVNPGLL,DRB1*07:01,y
DR7_DR15_HIV_gag_WILL,WILLGLNKIVRMYSPTSI,DRB1*07:01,n
DR7_DR15_HIV_gag_YVDR,YVDRFYKTLRAEQASQEV,DRB1*07:01,y
DR7_DR15_HIV_nef_PEKE,PEKEVLVWKFDSRLAFHH,DRB1*07:01,n
DR7_DR15_HIV_env_VMKQ,VMKQVTGKLK,DRB1*07:01,n
DR7_DR15_HIV_env_PAGF,PAGFAILKCNN,DRB1*07:01,n
DR7_DR15_HIV_gag_ASRE,ASRELERFAVNPGLL,DRB1*15:01,y
DR7_DR15_HIV_gag_WILL,WILLGLNKIVRMYSPTSI,DRB1*15:01,weak
DR7_DR15_HIV_gag_YVDR,YVDRFYKTLRAEQASQEV,DRB1*15:01,y
DR7_DR15_HIV_nef_PEKE,PEKEVLVWKFDSRLAFHH,DRB1*15:01,y
DR7_DR15_HIV_env_VMKQ,VMKQVTGKLK,DRB1*15:01,weak
DR7_DR15_HIV_env_PAGF,PAGFAILKCNN,DRB1*15:01,weak
DR7_HCV_core_KVID,KVIDTLTCGFADLMGYIPLV,DRB1*07:01,n
DR7_HCV_NS3_TTVR,TTVRLRAYMNTPGLPVCQDH,DRB1*07:01,y
DR15_HCV_NS3_VIKG,VIKGGRHLIFCHSKKKCD,DRB1*15:01,n
DR15_HCV_NS3_YLVA,YLVAYQATVCARAQAPPPSW,DRB1*15:01,n
DR15_HCV_NS3-4A_KLVA,KLVAMGINAVAYYRGLDVSV,DRB1*15:01,y
DR15_HCV_core_DVKF,DVKFPGGGQIVGGVYLLPRR,DRB1*15:01,y
DR7_DR15_diphth_PVFA,PVFAGANYAAWAVNVAQVI,DRB1*07:01,n
DR7_DR15_HBV_FFLL,FFLLTRILTIPQSLD,DRB1*07:01,n
DR7_DR15_diphth_PVFA,PVFAGANYAAWAVNVAQVI,DRB1*15:01,n
DR7_DR15_HBV_FFLL,FFLLTRILTIPQSLD,DRB1*15:01,n